title;url
TO-01-008;https://antraege.gruene.de/51bdk/vorschlag-zur-tagesordnung-43594/23604
WO-01-002;https://antraege.gruene.de/51bdk/wahlordnung-fur-die-wahl-des-parteirats-40372/23896
WO-01-035;https://antraege.gruene.de/51bdk/wahlordnung-fur-die-wahl-des-parteirats-40372/23897
WO-03-002;https://antraege.gruene.de/51bdk/wahlordnung-fur-die-wahl-des-bundesschiedsgerichts-20411/23900
WO-03-024;https://antraege.gruene.de/51bdk/wahlordnung-fur-die-wahl-des-bundesschiedsgerichts-20411/23901
WO-04-004;https://antraege.gruene.de/51bdk/wahlordnung-fur-die-nach-wahl-bundesschatzmeister-in-50208/23898
WO-04-010;https://antraege.gruene.de/51bdk/wahlordnung-fur-die-nach-wahl-bundesschatzmeister-in-50208/23899
VR-01-025;https://antraege.gruene.de/51bdk/gerechtigkeitslucken-im-steuersystem-schliessen-erbschaftsteuer-immob-58756/24074
VR-01-032;https://antraege.gruene.de/51bdk/gerechtigkeitslucken-im-steuersystem-schliessen-erbschaftsteuer-immob-58756/24449
VR-01-032-2;https://antraege.gruene.de/51bdk/gerechtigkeitslucken-im-steuersystem-schliessen-erbschaftsteuer-immob-58756/24466
VR-01-039;https://antraege.gruene.de/51bdk/gerechtigkeitslucken-im-steuersystem-schliessen-erbschaftsteuer-immob-58756/24457
VR-01-058;https://antraege.gruene.de/51bdk/gerechtigkeitslucken-im-steuersystem-schliessen-erbschaftsteuer-immob-58756/24091
VR-01-058-2;https://antraege.gruene.de/51bdk/gerechtigkeitslucken-im-steuersystem-schliessen-erbschaftsteuer-immob-58756/24458
VR-01-058-3;https://antraege.gruene.de/51bdk/gerechtigkeitslucken-im-steuersystem-schliessen-erbschaftsteuer-immob-58756/24420
VR-01-060;https://antraege.gruene.de/51bdk/gerechtigkeitslucken-im-steuersystem-schliessen-erbschaftsteuer-immob-58756/24368
VR-01-071;https://antraege.gruene.de/51bdk/gerechtigkeitslucken-im-steuersystem-schliessen-erbschaftsteuer-immob-58756/23791
VR-01-085;https://antraege.gruene.de/51bdk/gerechtigkeitslucken-im-steuersystem-schliessen-erbschaftsteuer-immob-58756/24369
VR-01-085-2;https://antraege.gruene.de/51bdk/gerechtigkeitslucken-im-steuersystem-schliessen-erbschaftsteuer-immob-58756/24421
VR-01-104;https://antraege.gruene.de/51bdk/gerechtigkeitslucken-im-steuersystem-schliessen-erbschaftsteuer-immob-58756/23997
VR-01-104-2;https://antraege.gruene.de/51bdk/gerechtigkeitslucken-im-steuersystem-schliessen-erbschaftsteuer-immob-58756/23822
VR-01-104-3;https://antraege.gruene.de/51bdk/gerechtigkeitslucken-im-steuersystem-schliessen-erbschaftsteuer-immob-58756/23953
VR-01-116;https://antraege.gruene.de/51bdk/gerechtigkeitslucken-im-steuersystem-schliessen-erbschaftsteuer-immob-58756/24487
VR-01-138;https://antraege.gruene.de/51bdk/gerechtigkeitslucken-im-steuersystem-schliessen-erbschaftsteuer-immob-58756/24362
VR-01-167;https://antraege.gruene.de/51bdk/gerechtigkeitslucken-im-steuersystem-schliessen-erbschaftsteuer-immob-58756/24003
VR-01-167-2;https://antraege.gruene.de/51bdk/gerechtigkeitslucken-im-steuersystem-schliessen-erbschaftsteuer-immob-58756/24378
VR-01-176;https://antraege.gruene.de/51bdk/gerechtigkeitslucken-im-steuersystem-schliessen-erbschaftsteuer-immob-58756/23951
VR-01-184;https://antraege.gruene.de/51bdk/gerechtigkeitslucken-im-steuersystem-schliessen-erbschaftsteuer-immob-58756/24339
VR-01-184-2;https://antraege.gruene.de/51bdk/gerechtigkeitslucken-im-steuersystem-schliessen-erbschaftsteuer-immob-58756/23890
VR-01-184-3;https://antraege.gruene.de/51bdk/gerechtigkeitslucken-im-steuersystem-schliessen-erbschaftsteuer-immob-58756/24363
VR-01-184-4;https://antraege.gruene.de/51bdk/gerechtigkeitslucken-im-steuersystem-schliessen-erbschaftsteuer-immob-58756/24080
VR-01-184-5;https://antraege.gruene.de/51bdk/gerechtigkeitslucken-im-steuersystem-schliessen-erbschaftsteuer-immob-58756/24078
VR-01-185;https://antraege.gruene.de/51bdk/gerechtigkeitslucken-im-steuersystem-schliessen-erbschaftsteuer-immob-58756/23672
VR-01-208;https://antraege.gruene.de/51bdk/gerechtigkeitslucken-im-steuersystem-schliessen-erbschaftsteuer-immob-58756/23681
VR-01-211;https://antraege.gruene.de/51bdk/gerechtigkeitslucken-im-steuersystem-schliessen-erbschaftsteuer-immob-58756/24370
VR-01-217;https://antraege.gruene.de/51bdk/gerechtigkeitslucken-im-steuersystem-schliessen-erbschaftsteuer-immob-58756/23674
VR-01-217-2;https://antraege.gruene.de/51bdk/gerechtigkeitslucken-im-steuersystem-schliessen-erbschaftsteuer-immob-58756/24364
VR-01-225;https://antraege.gruene.de/51bdk/gerechtigkeitslucken-im-steuersystem-schliessen-erbschaftsteuer-immob-58756/24467
VR-01-240;https://antraege.gruene.de/51bdk/gerechtigkeitslucken-im-steuersystem-schliessen-erbschaftsteuer-immob-58756/23752
VR-01-240-2;https://antraege.gruene.de/51bdk/gerechtigkeitslucken-im-steuersystem-schliessen-erbschaftsteuer-immob-58756/23998
VR-01-240-3;https://antraege.gruene.de/51bdk/gerechtigkeitslucken-im-steuersystem-schliessen-erbschaftsteuer-immob-58756/23689
VR-01-240-4;https://antraege.gruene.de/51bdk/gerechtigkeitslucken-im-steuersystem-schliessen-erbschaftsteuer-immob-58756/24388
VR-02-001;https://antraege.gruene.de/51bdk/keine-erstattung-homoopathischer-leistungen-durch-gesetzliche-krankenk-57811/23728
VR-02-001-2;https://antraege.gruene.de/51bdk/keine-erstattung-homoopathischer-leistungen-durch-gesetzliche-krankenk-57811/24383
VR-02-007;https://antraege.gruene.de/51bdk/keine-erstattung-homoopathischer-leistungen-durch-gesetzliche-krankenk-57811/24093
VR-02-007-2;https://antraege.gruene.de/51bdk/keine-erstattung-homoopathischer-leistungen-durch-gesetzliche-krankenk-57811/23729
VR-02-013;https://antraege.gruene.de/51bdk/keine-erstattung-homoopathischer-leistungen-durch-gesetzliche-krankenk-57811/23730
VR-02-017;https://antraege.gruene.de/51bdk/keine-erstattung-homoopathischer-leistungen-durch-gesetzliche-krankenk-57811/23731
VR-02-017-2;https://antraege.gruene.de/51bdk/keine-erstattung-homoopathischer-leistungen-durch-gesetzliche-krankenk-57811/24183
VR-02-018;https://antraege.gruene.de/51bdk/keine-erstattung-homoopathischer-leistungen-durch-gesetzliche-krankenk-57811/24400
VR-02-026;https://antraege.gruene.de/51bdk/keine-erstattung-homoopathischer-leistungen-durch-gesetzliche-krankenk-57811/24094
VR-02-026-2;https://antraege.gruene.de/51bdk/keine-erstattung-homoopathischer-leistungen-durch-gesetzliche-krankenk-57811/23732
VR-02-030;https://antraege.gruene.de/51bdk/keine-erstattung-homoopathischer-leistungen-durch-gesetzliche-krankenk-57811/24095
VR-03-033;https://antraege.gruene.de/51bdk/digitale-souveranitat-starken-unsere-unabhangigkeit-freiheit-und-dem-49551/24239
VR-03-037;https://antraege.gruene.de/51bdk/digitale-souveranitat-starken-unsere-unabhangigkeit-freiheit-und-dem-49551/24547
VR-03-043;https://antraege.gruene.de/51bdk/digitale-souveranitat-starken-unsere-unabhangigkeit-freiheit-und-dem-49551/24469
VR-03-045;https://antraege.gruene.de/51bdk/digitale-souveranitat-starken-unsere-unabhangigkeit-freiheit-und-dem-49551/24245
VR-03-057;https://antraege.gruene.de/51bdk/digitale-souveranitat-starken-unsere-unabhangigkeit-freiheit-und-dem-49551/24246
VR-03-074;https://antraege.gruene.de/51bdk/digitale-souveranitat-starken-unsere-unabhangigkeit-freiheit-und-dem-49551/24386
VR-03-080;https://antraege.gruene.de/51bdk/digitale-souveranitat-starken-unsere-unabhangigkeit-freiheit-und-dem-49551/24208
VR-03-128;https://antraege.gruene.de/51bdk/digitale-souveranitat-starken-unsere-unabhangigkeit-freiheit-und-dem-49551/24470
VR-03-134;https://antraege.gruene.de/51bdk/digitale-souveranitat-starken-unsere-unabhangigkeit-freiheit-und-dem-49551/24326
VR-03-137;https://antraege.gruene.de/51bdk/digitale-souveranitat-starken-unsere-unabhangigkeit-freiheit-und-dem-49551/24073
VR-03-155;https://antraege.gruene.de/51bdk/digitale-souveranitat-starken-unsere-unabhangigkeit-freiheit-und-dem-49551/23769
VR-03-155-2;https://antraege.gruene.de/51bdk/digitale-souveranitat-starken-unsere-unabhangigkeit-freiheit-und-dem-49551/24471
VR-03-165;https://antraege.gruene.de/51bdk/digitale-souveranitat-starken-unsere-unabhangigkeit-freiheit-und-dem-49551/24109
VR-03-168;https://antraege.gruene.de/51bdk/digitale-souveranitat-starken-unsere-unabhangigkeit-freiheit-und-dem-49551/24247
VR-03-170;https://antraege.gruene.de/51bdk/digitale-souveranitat-starken-unsere-unabhangigkeit-freiheit-und-dem-49551/24389
VR-03-176;https://antraege.gruene.de/51bdk/digitale-souveranitat-starken-unsere-unabhangigkeit-freiheit-und-dem-49551/24327
VR-03-191;https://antraege.gruene.de/51bdk/digitale-souveranitat-starken-unsere-unabhangigkeit-freiheit-und-dem-49551/24250
VR-03-194;https://antraege.gruene.de/51bdk/digitale-souveranitat-starken-unsere-unabhangigkeit-freiheit-und-dem-49551/23699
VR-03-196;https://antraege.gruene.de/51bdk/digitale-souveranitat-starken-unsere-unabhangigkeit-freiheit-und-dem-49551/23702
VR-03-196-2;https://antraege.gruene.de/51bdk/digitale-souveranitat-starken-unsere-unabhangigkeit-freiheit-und-dem-49551/23773
VR-03-196-3;https://antraege.gruene.de/51bdk/digitale-souveranitat-starken-unsere-unabhangigkeit-freiheit-und-dem-49551/24041
VR-03-196-4;https://antraege.gruene.de/51bdk/digitale-souveranitat-starken-unsere-unabhangigkeit-freiheit-und-dem-49551/24039
VR-03-196-5;https://antraege.gruene.de/51bdk/digitale-souveranitat-starken-unsere-unabhangigkeit-freiheit-und-dem-49551/24113
VR-03-196-6;https://antraege.gruene.de/51bdk/digitale-souveranitat-starken-unsere-unabhangigkeit-freiheit-und-dem-49551/24105
VR-03-199;https://antraege.gruene.de/51bdk/digitale-souveranitat-starken-unsere-unabhangigkeit-freiheit-und-dem-49551/24037
VR-04-001;https://antraege.gruene.de/51bdk/chatkontrolle-dauerhaft-verhindern-verschlusselung-als-europaisches-g-44742/24396
VR-04-009;https://antraege.gruene.de/51bdk/chatkontrolle-dauerhaft-verhindern-verschlusselung-als-europaisches-g-44742/23823
VR-05-001;https://antraege.gruene.de/51bdk/zukunft-sichern-okologisch-gerecht-wettbewerbsfahig-22752/24554
VR-05-003;https://antraege.gruene.de/51bdk/zukunft-sichern-okologisch-gerecht-wettbewerbsfahig-22752/23861
VR-05-010;https://antraege.gruene.de/51bdk/zukunft-sichern-okologisch-gerecht-wettbewerbsfahig-22752/24063
VR-05-021;https://antraege.gruene.de/51bdk/zukunft-sichern-okologisch-gerecht-wettbewerbsfahig-22752/23926
VR-05-024;https://antraege.gruene.de/51bdk/zukunft-sichern-okologisch-gerecht-wettbewerbsfahig-22752/23762
VR-05-029;https://antraege.gruene.de/51bdk/zukunft-sichern-okologisch-gerecht-wettbewerbsfahig-22752/23763
VR-05-032;https://antraege.gruene.de/51bdk/zukunft-sichern-okologisch-gerecht-wettbewerbsfahig-22752/23754
VR-05-035;https://antraege.gruene.de/51bdk/zukunft-sichern-okologisch-gerecht-wettbewerbsfahig-22752/23925
VR-05-038;https://antraege.gruene.de/51bdk/zukunft-sichern-okologisch-gerecht-wettbewerbsfahig-22752/23869
VR-05-040;https://antraege.gruene.de/51bdk/zukunft-sichern-okologisch-gerecht-wettbewerbsfahig-22752/24098
VR-05-040-2;https://antraege.gruene.de/51bdk/zukunft-sichern-okologisch-gerecht-wettbewerbsfahig-22752/23863
VR-05-042;https://antraege.gruene.de/51bdk/zukunft-sichern-okologisch-gerecht-wettbewerbsfahig-22752/24120
VR-05-055;https://antraege.gruene.de/51bdk/zukunft-sichern-okologisch-gerecht-wettbewerbsfahig-22752/24092
VR-05-064;https://antraege.gruene.de/51bdk/zukunft-sichern-okologisch-gerecht-wettbewerbsfahig-22752/23765
VR-05-066;https://antraege.gruene.de/51bdk/zukunft-sichern-okologisch-gerecht-wettbewerbsfahig-22752/23766
VR-05-067;https://antraege.gruene.de/51bdk/zukunft-sichern-okologisch-gerecht-wettbewerbsfahig-22752/23920
VR-05-070;https://antraege.gruene.de/51bdk/zukunft-sichern-okologisch-gerecht-wettbewerbsfahig-22752/24127
VR-05-072;https://antraege.gruene.de/51bdk/zukunft-sichern-okologisch-gerecht-wettbewerbsfahig-22752/23909
VR-05-076;https://antraege.gruene.de/51bdk/zukunft-sichern-okologisch-gerecht-wettbewerbsfahig-22752/23758
VR-05-078;https://antraege.gruene.de/51bdk/zukunft-sichern-okologisch-gerecht-wettbewerbsfahig-22752/23874
VR-05-078-2;https://antraege.gruene.de/51bdk/zukunft-sichern-okologisch-gerecht-wettbewerbsfahig-22752/23687
VR-05-078-3;https://antraege.gruene.de/51bdk/zukunft-sichern-okologisch-gerecht-wettbewerbsfahig-22752/23688
VR-05-079;https://antraege.gruene.de/51bdk/zukunft-sichern-okologisch-gerecht-wettbewerbsfahig-22752/23759
VR-05-079-2;https://antraege.gruene.de/51bdk/zukunft-sichern-okologisch-gerecht-wettbewerbsfahig-22752/24023
VR-05-079-3;https://antraege.gruene.de/51bdk/zukunft-sichern-okologisch-gerecht-wettbewerbsfahig-22752/24440
VR-05-079-4;https://antraege.gruene.de/51bdk/zukunft-sichern-okologisch-gerecht-wettbewerbsfahig-22752/24020
VR-05-086;https://antraege.gruene.de/51bdk/zukunft-sichern-okologisch-gerecht-wettbewerbsfahig-22752/23792
VR-05-087;https://antraege.gruene.de/51bdk/zukunft-sichern-okologisch-gerecht-wettbewerbsfahig-22752/23910
VR-05-087-2;https://antraege.gruene.de/51bdk/zukunft-sichern-okologisch-gerecht-wettbewerbsfahig-22752/24424
VR-05-087-3;https://antraege.gruene.de/51bdk/zukunft-sichern-okologisch-gerecht-wettbewerbsfahig-22752/24129
VR-05-088;https://antraege.gruene.de/51bdk/zukunft-sichern-okologisch-gerecht-wettbewerbsfahig-22752/24139
VR-05-093;https://antraege.gruene.de/51bdk/zukunft-sichern-okologisch-gerecht-wettbewerbsfahig-22752/24148
VR-05-094;https://antraege.gruene.de/51bdk/zukunft-sichern-okologisch-gerecht-wettbewerbsfahig-22752/24492
VR-05-096;https://antraege.gruene.de/51bdk/zukunft-sichern-okologisch-gerecht-wettbewerbsfahig-22752/23912
VR-05-096-2;https://antraege.gruene.de/51bdk/zukunft-sichern-okologisch-gerecht-wettbewerbsfahig-22752/23794
VR-05-097;https://antraege.gruene.de/51bdk/zukunft-sichern-okologisch-gerecht-wettbewerbsfahig-22752/23870
VR-05-098;https://antraege.gruene.de/51bdk/zukunft-sichern-okologisch-gerecht-wettbewerbsfahig-22752/23913
VR-05-101;https://antraege.gruene.de/51bdk/zukunft-sichern-okologisch-gerecht-wettbewerbsfahig-22752/23914
VR-05-103;https://antraege.gruene.de/51bdk/zukunft-sichern-okologisch-gerecht-wettbewerbsfahig-22752/23871
VR-05-104;https://antraege.gruene.de/51bdk/zukunft-sichern-okologisch-gerecht-wettbewerbsfahig-22752/24125
VR-05-105;https://antraege.gruene.de/51bdk/zukunft-sichern-okologisch-gerecht-wettbewerbsfahig-22752/23915
VR-05-106;https://antraege.gruene.de/51bdk/zukunft-sichern-okologisch-gerecht-wettbewerbsfahig-22752/24496
VR-05-107;https://antraege.gruene.de/51bdk/zukunft-sichern-okologisch-gerecht-wettbewerbsfahig-22752/23877
VR-05-108;https://antraege.gruene.de/51bdk/zukunft-sichern-okologisch-gerecht-wettbewerbsfahig-22752/23878
VR-05-114;https://antraege.gruene.de/51bdk/zukunft-sichern-okologisch-gerecht-wettbewerbsfahig-22752/24242
VR-05-115;https://antraege.gruene.de/51bdk/zukunft-sichern-okologisch-gerecht-wettbewerbsfahig-22752/24004
VR-05-116;https://antraege.gruene.de/51bdk/zukunft-sichern-okologisch-gerecht-wettbewerbsfahig-22752/23793
VR-05-117;https://antraege.gruene.de/51bdk/zukunft-sichern-okologisch-gerecht-wettbewerbsfahig-22752/23872
VR-05-118;https://antraege.gruene.de/51bdk/zukunft-sichern-okologisch-gerecht-wettbewerbsfahig-22752/23876
VR-05-125;https://antraege.gruene.de/51bdk/zukunft-sichern-okologisch-gerecht-wettbewerbsfahig-22752/23875
VR-05-125-2;https://antraege.gruene.de/51bdk/zukunft-sichern-okologisch-gerecht-wettbewerbsfahig-22752/23879
VR-05-128;https://antraege.gruene.de/51bdk/zukunft-sichern-okologisch-gerecht-wettbewerbsfahig-22752/23807
VR-05-128-2;https://antraege.gruene.de/51bdk/zukunft-sichern-okologisch-gerecht-wettbewerbsfahig-22752/24359
VR-05-131;https://antraege.gruene.de/51bdk/zukunft-sichern-okologisch-gerecht-wettbewerbsfahig-22752/23928
VR-05-134;https://antraege.gruene.de/51bdk/zukunft-sichern-okologisch-gerecht-wettbewerbsfahig-22752/24261
VR-05-142;https://antraege.gruene.de/51bdk/zukunft-sichern-okologisch-gerecht-wettbewerbsfahig-22752/23864
VR-05-150;https://antraege.gruene.de/51bdk/zukunft-sichern-okologisch-gerecht-wettbewerbsfahig-22752/24371
VR-05-154;https://antraege.gruene.de/51bdk/zukunft-sichern-okologisch-gerecht-wettbewerbsfahig-22752/23929
VR-05-154-2;https://antraege.gruene.de/51bdk/zukunft-sichern-okologisch-gerecht-wettbewerbsfahig-22752/24372
VR-05-155;https://antraege.gruene.de/51bdk/zukunft-sichern-okologisch-gerecht-wettbewerbsfahig-22752/23930
VR-05-155-2;https://antraege.gruene.de/51bdk/zukunft-sichern-okologisch-gerecht-wettbewerbsfahig-22752/24375
VR-05-155-3;https://antraege.gruene.de/51bdk/zukunft-sichern-okologisch-gerecht-wettbewerbsfahig-22752/24123
VR-05-158;https://antraege.gruene.de/51bdk/zukunft-sichern-okologisch-gerecht-wettbewerbsfahig-22752/24118
VR-05-158-2;https://antraege.gruene.de/51bdk/zukunft-sichern-okologisch-gerecht-wettbewerbsfahig-22752/23865
VR-05-165;https://antraege.gruene.de/51bdk/zukunft-sichern-okologisch-gerecht-wettbewerbsfahig-22752/23866
VR-05-181;https://antraege.gruene.de/51bdk/zukunft-sichern-okologisch-gerecht-wettbewerbsfahig-22752/23939
VR-05-182;https://antraege.gruene.de/51bdk/zukunft-sichern-okologisch-gerecht-wettbewerbsfahig-22752/23753
VR-05-204;https://antraege.gruene.de/51bdk/zukunft-sichern-okologisch-gerecht-wettbewerbsfahig-22752/23808
VR-05-209;https://antraege.gruene.de/51bdk/zukunft-sichern-okologisch-gerecht-wettbewerbsfahig-22752/24238
VR-05-213;https://antraege.gruene.de/51bdk/zukunft-sichern-okologisch-gerecht-wettbewerbsfahig-22752/24114
VR-06-001;https://antraege.gruene.de/51bdk/institutionellen-rassismus-in-sicherheitsbehorden-uberwinden-sicherh-8238/24066
VR-06-001-2;https://antraege.gruene.de/51bdk/institutionellen-rassismus-in-sicherheitsbehorden-uberwinden-sicherh-8238/24523
VR-06-002;https://antraege.gruene.de/51bdk/institutionellen-rassismus-in-sicherheitsbehorden-uberwinden-sicherh-8238/24310
VR-06-005;https://antraege.gruene.de/51bdk/institutionellen-rassismus-in-sicherheitsbehorden-uberwinden-sicherh-8238/24527
VR-06-008;https://antraege.gruene.de/51bdk/institutionellen-rassismus-in-sicherheitsbehorden-uberwinden-sicherh-8238/24530
VR-06-009;https://antraege.gruene.de/51bdk/institutionellen-rassismus-in-sicherheitsbehorden-uberwinden-sicherh-8238/24067
VR-06-013;https://antraege.gruene.de/51bdk/institutionellen-rassismus-in-sicherheitsbehorden-uberwinden-sicherh-8238/24472
VR-06-013-2;https://antraege.gruene.de/51bdk/institutionellen-rassismus-in-sicherheitsbehorden-uberwinden-sicherh-8238/24533
VR-06-013-3;https://antraege.gruene.de/51bdk/institutionellen-rassismus-in-sicherheitsbehorden-uberwinden-sicherh-8238/24133
VR-06-017;https://antraege.gruene.de/51bdk/institutionellen-rassismus-in-sicherheitsbehorden-uberwinden-sicherh-8238/24228
VR-06-018;https://antraege.gruene.de/51bdk/institutionellen-rassismus-in-sicherheitsbehorden-uberwinden-sicherh-8238/24313
VR-06-019;https://antraege.gruene.de/51bdk/institutionellen-rassismus-in-sicherheitsbehorden-uberwinden-sicherh-8238/24253
VR-06-020;https://antraege.gruene.de/51bdk/institutionellen-rassismus-in-sicherheitsbehorden-uberwinden-sicherh-8238/24068
VR-06-020-2;https://antraege.gruene.de/51bdk/institutionellen-rassismus-in-sicherheitsbehorden-uberwinden-sicherh-8238/24135
VR-06-023;https://antraege.gruene.de/51bdk/institutionellen-rassismus-in-sicherheitsbehorden-uberwinden-sicherh-8238/24536
VR-06-024;https://antraege.gruene.de/51bdk/institutionellen-rassismus-in-sicherheitsbehorden-uberwinden-sicherh-8238/24473
VR-06-029;https://antraege.gruene.de/51bdk/institutionellen-rassismus-in-sicherheitsbehorden-uberwinden-sicherh-8238/24315
VR-06-033;https://antraege.gruene.de/51bdk/institutionellen-rassismus-in-sicherheitsbehorden-uberwinden-sicherh-8238/24069
VR-06-033-2;https://antraege.gruene.de/51bdk/institutionellen-rassismus-in-sicherheitsbehorden-uberwinden-sicherh-8238/24136
VR-06-036;https://antraege.gruene.de/51bdk/institutionellen-rassismus-in-sicherheitsbehorden-uberwinden-sicherh-8238/24537
VR-06-039;https://antraege.gruene.de/51bdk/institutionellen-rassismus-in-sicherheitsbehorden-uberwinden-sicherh-8238/23907
VR-06-042;https://antraege.gruene.de/51bdk/institutionellen-rassismus-in-sicherheitsbehorden-uberwinden-sicherh-8238/24316
VR-06-042-2;https://antraege.gruene.de/51bdk/institutionellen-rassismus-in-sicherheitsbehorden-uberwinden-sicherh-8238/24541
VR-06-042-3;https://antraege.gruene.de/51bdk/institutionellen-rassismus-in-sicherheitsbehorden-uberwinden-sicherh-8238/24138
VR-06-042-4;https://antraege.gruene.de/51bdk/institutionellen-rassismus-in-sicherheitsbehorden-uberwinden-sicherh-8238/24070
VR-06-043;https://antraege.gruene.de/51bdk/institutionellen-rassismus-in-sicherheitsbehorden-uberwinden-sicherh-8238/23738
V-10-048;https://antraege.gruene.de/51bdk/institutionellen-rassismus-in-sicherheitsbehorden-uberwinden-sicherh-8238/23561
VR-06-051;https://antraege.gruene.de/51bdk/institutionellen-rassismus-in-sicherheitsbehorden-uberwinden-sicherh-8238/24319
VR-06-057;https://antraege.gruene.de/51bdk/institutionellen-rassismus-in-sicherheitsbehorden-uberwinden-sicherh-8238/24071
VR-06-057-2;https://antraege.gruene.de/51bdk/institutionellen-rassismus-in-sicherheitsbehorden-uberwinden-sicherh-8238/24542
VR-06-057-3;https://antraege.gruene.de/51bdk/institutionellen-rassismus-in-sicherheitsbehorden-uberwinden-sicherh-8238/24141
VR-06-065;https://antraege.gruene.de/51bdk/institutionellen-rassismus-in-sicherheitsbehorden-uberwinden-sicherh-8238/23741
V-10-067;https://antraege.gruene.de/51bdk/institutionellen-rassismus-in-sicherheitsbehorden-uberwinden-sicherh-8238/23562
VR-06-069;https://antraege.gruene.de/51bdk/institutionellen-rassismus-in-sicherheitsbehorden-uberwinden-sicherh-8238/24321
VR-06-069-2;https://antraege.gruene.de/51bdk/institutionellen-rassismus-in-sicherheitsbehorden-uberwinden-sicherh-8238/24143
VR-06-069-3;https://antraege.gruene.de/51bdk/institutionellen-rassismus-in-sicherheitsbehorden-uberwinden-sicherh-8238/24072
VR-06-070;https://antraege.gruene.de/51bdk/institutionellen-rassismus-in-sicherheitsbehorden-uberwinden-sicherh-8238/23760
VR-06-070-2;https://antraege.gruene.de/51bdk/institutionellen-rassismus-in-sicherheitsbehorden-uberwinden-sicherh-8238/23908
VR-06-071;https://antraege.gruene.de/51bdk/institutionellen-rassismus-in-sicherheitsbehorden-uberwinden-sicherh-8238/23742
VR-06-072;https://antraege.gruene.de/51bdk/institutionellen-rassismus-in-sicherheitsbehorden-uberwinden-sicherh-8238/24544
VR-06-072-2;https://antraege.gruene.de/51bdk/institutionellen-rassismus-in-sicherheitsbehorden-uberwinden-sicherh-8238/24229
VR-06-075;https://antraege.gruene.de/51bdk/institutionellen-rassismus-in-sicherheitsbehorden-uberwinden-sicherh-8238/23614
VR-06-075-2;https://antraege.gruene.de/51bdk/institutionellen-rassismus-in-sicherheitsbehorden-uberwinden-sicherh-8238/24474
VR-06-081;https://antraege.gruene.de/51bdk/institutionellen-rassismus-in-sicherheitsbehorden-uberwinden-sicherh-8238/23670
VR-06-083;https://antraege.gruene.de/51bdk/institutionellen-rassismus-in-sicherheitsbehorden-uberwinden-sicherh-8238/24475
VR-06-083-2;https://antraege.gruene.de/51bdk/institutionellen-rassismus-in-sicherheitsbehorden-uberwinden-sicherh-8238/24546
E-01-061;https://antraege.gruene.de/51bdk/klimaantrag-3941/23668
E-03-003;https://antraege.gruene.de/51bdk/kurs-zukunft-sozial-gerecht-aus-der-fossilen-abhangigkeit-64079/23923
E-03-004;https://antraege.gruene.de/51bdk/kurs-zukunft-sozial-gerecht-aus-der-fossilen-abhangigkeit-64079/23882
E-03-005;https://antraege.gruene.de/51bdk/kurs-zukunft-sozial-gerecht-aus-der-fossilen-abhangigkeit-64079/24086
E-03-015;https://antraege.gruene.de/51bdk/kurs-zukunft-sozial-gerecht-aus-der-fossilen-abhangigkeit-64079/23847
E-03-019;https://antraege.gruene.de/51bdk/kurs-zukunft-sozial-gerecht-aus-der-fossilen-abhangigkeit-64079/24382
E-03-019-2;https://antraege.gruene.de/51bdk/kurs-zukunft-sozial-gerecht-aus-der-fossilen-abhangigkeit-64079/24512
E-03-024;https://antraege.gruene.de/51bdk/kurs-zukunft-sozial-gerecht-aus-der-fossilen-abhangigkeit-64079/24515
E-03-026;https://antraege.gruene.de/51bdk/kurs-zukunft-sozial-gerecht-aus-der-fossilen-abhangigkeit-64079/24324
E-03-034;https://antraege.gruene.de/51bdk/kurs-zukunft-sozial-gerecht-aus-der-fossilen-abhangigkeit-64079/23960
E-03-051;https://antraege.gruene.de/51bdk/kurs-zukunft-sozial-gerecht-aus-der-fossilen-abhangigkeit-64079/24328
E-03-051-2;https://antraege.gruene.de/51bdk/kurs-zukunft-sozial-gerecht-aus-der-fossilen-abhangigkeit-64079/23883
E-03-051-3;https://antraege.gruene.de/51bdk/kurs-zukunft-sozial-gerecht-aus-der-fossilen-abhangigkeit-64079/24150
E-03-055;https://antraege.gruene.de/51bdk/kurs-zukunft-sozial-gerecht-aus-der-fossilen-abhangigkeit-64079/24255
E-03-059;https://antraege.gruene.de/51bdk/kurs-zukunft-sozial-gerecht-aus-der-fossilen-abhangigkeit-64079/24349
E-03-063;https://antraege.gruene.de/51bdk/kurs-zukunft-sozial-gerecht-aus-der-fossilen-abhangigkeit-64079/24361
E-03-068;https://antraege.gruene.de/51bdk/kurs-zukunft-sozial-gerecht-aus-der-fossilen-abhangigkeit-64079/23947
E-03-070;https://antraege.gruene.de/51bdk/kurs-zukunft-sozial-gerecht-aus-der-fossilen-abhangigkeit-64079/24103
E-03-070-2;https://antraege.gruene.de/51bdk/kurs-zukunft-sozial-gerecht-aus-der-fossilen-abhangigkeit-64079/24394
E-03-070-3;https://antraege.gruene.de/51bdk/kurs-zukunft-sozial-gerecht-aus-der-fossilen-abhangigkeit-64079/24409
E-03-087;https://antraege.gruene.de/51bdk/kurs-zukunft-sozial-gerecht-aus-der-fossilen-abhangigkeit-64079/24258
E-03-098;https://antraege.gruene.de/51bdk/kurs-zukunft-sozial-gerecht-aus-der-fossilen-abhangigkeit-64079/24259
E-03-118;https://antraege.gruene.de/51bdk/kurs-zukunft-sozial-gerecht-aus-der-fossilen-abhangigkeit-64079/24516
E-03-122;https://antraege.gruene.de/51bdk/kurs-zukunft-sozial-gerecht-aus-der-fossilen-abhangigkeit-64079/24256
E-03-124-2;https://antraege.gruene.de/51bdk/kurs-zukunft-sozial-gerecht-aus-der-fossilen-abhangigkeit-64079/24531
E-03-125;https://antraege.gruene.de/51bdk/kurs-zukunft-sozial-gerecht-aus-der-fossilen-abhangigkeit-64079/23886
E-03-126;https://antraege.gruene.de/51bdk/kurs-zukunft-sozial-gerecht-aus-der-fossilen-abhangigkeit-64079/24340
E-03-127;https://antraege.gruene.de/51bdk/kurs-zukunft-sozial-gerecht-aus-der-fossilen-abhangigkeit-64079/23848
E-03-129;https://antraege.gruene.de/51bdk/kurs-zukunft-sozial-gerecht-aus-der-fossilen-abhangigkeit-64079/24517
E-03-132;https://antraege.gruene.de/51bdk/kurs-zukunft-sozial-gerecht-aus-der-fossilen-abhangigkeit-64079/24257
E-03-132-2;https://antraege.gruene.de/51bdk/kurs-zukunft-sozial-gerecht-aus-der-fossilen-abhangigkeit-64079/24519
E-03-146;https://antraege.gruene.de/51bdk/kurs-zukunft-sozial-gerecht-aus-der-fossilen-abhangigkeit-64079/24403
E-03-148;https://antraege.gruene.de/51bdk/kurs-zukunft-sozial-gerecht-aus-der-fossilen-abhangigkeit-64079/24128
E-03-154;https://antraege.gruene.de/51bdk/kurs-zukunft-sozial-gerecht-aus-der-fossilen-abhangigkeit-64079/23937
E-03-155;https://antraege.gruene.de/51bdk/kurs-zukunft-sozial-gerecht-aus-der-fossilen-abhangigkeit-64079/23938
E-03-160;https://antraege.gruene.de/51bdk/kurs-zukunft-sozial-gerecht-aus-der-fossilen-abhangigkeit-64079/23719
E-03-160-2;https://antraege.gruene.de/51bdk/kurs-zukunft-sozial-gerecht-aus-der-fossilen-abhangigkeit-64079/24134
E-03-161;https://antraege.gruene.de/51bdk/kurs-zukunft-sozial-gerecht-aus-der-fossilen-abhangigkeit-64079/23941
E-03-169;https://antraege.gruene.de/51bdk/kurs-zukunft-sozial-gerecht-aus-der-fossilen-abhangigkeit-64079/23849
E-03-169-2;https://antraege.gruene.de/51bdk/kurs-zukunft-sozial-gerecht-aus-der-fossilen-abhangigkeit-64079/23854
E-03-169-3;https://antraege.gruene.de/51bdk/kurs-zukunft-sozial-gerecht-aus-der-fossilen-abhangigkeit-64079/24463
E-03-170;https://antraege.gruene.de/51bdk/kurs-zukunft-sozial-gerecht-aus-der-fossilen-abhangigkeit-64079/24521
E-03-174;https://antraege.gruene.de/51bdk/kurs-zukunft-sozial-gerecht-aus-der-fossilen-abhangigkeit-64079/24329
E-03-176;https://antraege.gruene.de/51bdk/kurs-zukunft-sozial-gerecht-aus-der-fossilen-abhangigkeit-64079/23895
E-03-186;https://antraege.gruene.de/51bdk/kurs-zukunft-sozial-gerecht-aus-der-fossilen-abhangigkeit-64079/24332
E-03-186-2;https://antraege.gruene.de/51bdk/kurs-zukunft-sozial-gerecht-aus-der-fossilen-abhangigkeit-64079/24392
E-03-195;https://antraege.gruene.de/51bdk/kurs-zukunft-sozial-gerecht-aus-der-fossilen-abhangigkeit-64079/23721
E-03-195-2;https://antraege.gruene.de/51bdk/kurs-zukunft-sozial-gerecht-aus-der-fossilen-abhangigkeit-64079/23855
E-03-195-3;https://antraege.gruene.de/51bdk/kurs-zukunft-sozial-gerecht-aus-der-fossilen-abhangigkeit-64079/23790
E-03-195-4;https://antraege.gruene.de/51bdk/kurs-zukunft-sozial-gerecht-aus-der-fossilen-abhangigkeit-64079/24146
E-03-195-5;https://antraege.gruene.de/51bdk/kurs-zukunft-sozial-gerecht-aus-der-fossilen-abhangigkeit-64079/24522
E-03-196;https://antraege.gruene.de/51bdk/kurs-zukunft-sozial-gerecht-aus-der-fossilen-abhangigkeit-64079/24462
E-03-202;https://antraege.gruene.de/51bdk/kurs-zukunft-sozial-gerecht-aus-der-fossilen-abhangigkeit-64079/23943
E-03-202-2;https://antraege.gruene.de/51bdk/kurs-zukunft-sozial-gerecht-aus-der-fossilen-abhangigkeit-64079/23801
E-03-202-3;https://antraege.gruene.de/51bdk/kurs-zukunft-sozial-gerecht-aus-der-fossilen-abhangigkeit-64079/24397
E-03-209;https://antraege.gruene.de/51bdk/kurs-zukunft-sozial-gerecht-aus-der-fossilen-abhangigkeit-64079/23945
E-03-213;https://antraege.gruene.de/51bdk/kurs-zukunft-sozial-gerecht-aus-der-fossilen-abhangigkeit-64079/23720
E-03-224;https://antraege.gruene.de/51bdk/kurs-zukunft-sozial-gerecht-aus-der-fossilen-abhangigkeit-64079/23802
E-03-224-2;https://antraege.gruene.de/51bdk/kurs-zukunft-sozial-gerecht-aus-der-fossilen-abhangigkeit-64079/23788
E-03-224-3;https://antraege.gruene.de/51bdk/kurs-zukunft-sozial-gerecht-aus-der-fossilen-abhangigkeit-64079/24484
E-03-229;https://antraege.gruene.de/51bdk/kurs-zukunft-sozial-gerecht-aus-der-fossilen-abhangigkeit-64079/24387
E-03-233;https://antraege.gruene.de/51bdk/kurs-zukunft-sozial-gerecht-aus-der-fossilen-abhangigkeit-64079/24115
E-03-246;https://antraege.gruene.de/51bdk/kurs-zukunft-sozial-gerecht-aus-der-fossilen-abhangigkeit-64079/24272
E-03-250;https://antraege.gruene.de/51bdk/kurs-zukunft-sozial-gerecht-aus-der-fossilen-abhangigkeit-64079/24395
E-03-251;https://antraege.gruene.de/51bdk/kurs-zukunft-sozial-gerecht-aus-der-fossilen-abhangigkeit-64079/23988
E-03-251-2;https://antraege.gruene.de/51bdk/kurs-zukunft-sozial-gerecht-aus-der-fossilen-abhangigkeit-64079/24236
E-03-251-3;https://antraege.gruene.de/51bdk/kurs-zukunft-sozial-gerecht-aus-der-fossilen-abhangigkeit-64079/24477
E-03-251-4;https://antraege.gruene.de/51bdk/kurs-zukunft-sozial-gerecht-aus-der-fossilen-abhangigkeit-64079/24480
E-03-254;https://antraege.gruene.de/51bdk/kurs-zukunft-sozial-gerecht-aus-der-fossilen-abhangigkeit-64079/24410
E-03-256;https://antraege.gruene.de/51bdk/kurs-zukunft-sozial-gerecht-aus-der-fossilen-abhangigkeit-64079/24089
E-03-265;https://antraege.gruene.de/51bdk/kurs-zukunft-sozial-gerecht-aus-der-fossilen-abhangigkeit-64079/24526
E-03-266;https://antraege.gruene.de/51bdk/kurs-zukunft-sozial-gerecht-aus-der-fossilen-abhangigkeit-64079/23767
E-03-266-2;https://antraege.gruene.de/51bdk/kurs-zukunft-sozial-gerecht-aus-der-fossilen-abhangigkeit-64079/24087
E-03-267;https://antraege.gruene.de/51bdk/kurs-zukunft-sozial-gerecht-aus-der-fossilen-abhangigkeit-64079/23880
E-03-267-2;https://antraege.gruene.de/51bdk/kurs-zukunft-sozial-gerecht-aus-der-fossilen-abhangigkeit-64079/23965
E-03-270;https://antraege.gruene.de/51bdk/kurs-zukunft-sozial-gerecht-aus-der-fossilen-abhangigkeit-64079/24130
E-03-272;https://antraege.gruene.de/51bdk/kurs-zukunft-sozial-gerecht-aus-der-fossilen-abhangigkeit-64079/24402
E-03-272-2;https://antraege.gruene.de/51bdk/kurs-zukunft-sozial-gerecht-aus-der-fossilen-abhangigkeit-64079/24404
E-03-272-3;https://antraege.gruene.de/51bdk/kurs-zukunft-sozial-gerecht-aus-der-fossilen-abhangigkeit-64079/24405
E-03-272-4;https://antraege.gruene.de/51bdk/kurs-zukunft-sozial-gerecht-aus-der-fossilen-abhangigkeit-64079/24406
E-03-272-5;https://antraege.gruene.de/51bdk/kurs-zukunft-sozial-gerecht-aus-der-fossilen-abhangigkeit-64079/24401
E-03-272-6;https://antraege.gruene.de/51bdk/kurs-zukunft-sozial-gerecht-aus-der-fossilen-abhangigkeit-64079/24422
E-03-274;https://antraege.gruene.de/51bdk/kurs-zukunft-sozial-gerecht-aus-der-fossilen-abhangigkeit-64079/24104
E-03-279;https://antraege.gruene.de/51bdk/kurs-zukunft-sozial-gerecht-aus-der-fossilen-abhangigkeit-64079/24106
E-03-285;https://antraege.gruene.de/51bdk/kurs-zukunft-sozial-gerecht-aus-der-fossilen-abhangigkeit-64079/23916
E-03-289;https://antraege.gruene.de/51bdk/kurs-zukunft-sozial-gerecht-aus-der-fossilen-abhangigkeit-64079/23856
E-03-289-2;https://antraege.gruene.de/51bdk/kurs-zukunft-sozial-gerecht-aus-der-fossilen-abhangigkeit-64079/23881
E-03-293;https://antraege.gruene.de/51bdk/kurs-zukunft-sozial-gerecht-aus-der-fossilen-abhangigkeit-64079/24337
E-03-301;https://antraege.gruene.de/51bdk/kurs-zukunft-sozial-gerecht-aus-der-fossilen-abhangigkeit-64079/23764
E-03-301-2;https://antraege.gruene.de/51bdk/kurs-zukunft-sozial-gerecht-aus-der-fossilen-abhangigkeit-64079/24528
E-03-311;https://antraege.gruene.de/51bdk/kurs-zukunft-sozial-gerecht-aus-der-fossilen-abhangigkeit-64079/23857
E-03-311-2;https://antraege.gruene.de/51bdk/kurs-zukunft-sozial-gerecht-aus-der-fossilen-abhangigkeit-64079/24432
E-03-311-3;https://antraege.gruene.de/51bdk/kurs-zukunft-sozial-gerecht-aus-der-fossilen-abhangigkeit-64079/24493
E-03-312;https://antraege.gruene.de/51bdk/kurs-zukunft-sozial-gerecht-aus-der-fossilen-abhangigkeit-64079/23957
E-03-312-2;https://antraege.gruene.de/51bdk/kurs-zukunft-sozial-gerecht-aus-der-fossilen-abhangigkeit-64079/23921
E-03-312-3;https://antraege.gruene.de/51bdk/kurs-zukunft-sozial-gerecht-aus-der-fossilen-abhangigkeit-64079/24377
E-03-314;https://antraege.gruene.de/51bdk/kurs-zukunft-sozial-gerecht-aus-der-fossilen-abhangigkeit-64079/24460
E-03-316;https://antraege.gruene.de/51bdk/kurs-zukunft-sozial-gerecht-aus-der-fossilen-abhangigkeit-64079/23922
E-03-317;https://antraege.gruene.de/51bdk/kurs-zukunft-sozial-gerecht-aus-der-fossilen-abhangigkeit-64079/24379
E-03-320;https://antraege.gruene.de/51bdk/kurs-zukunft-sozial-gerecht-aus-der-fossilen-abhangigkeit-64079/24318
E-03-322;https://antraege.gruene.de/51bdk/kurs-zukunft-sozial-gerecht-aus-der-fossilen-abhangigkeit-64079/24277
E-03-336;https://antraege.gruene.de/51bdk/kurs-zukunft-sozial-gerecht-aus-der-fossilen-abhangigkeit-64079/23631
E-03-347;https://antraege.gruene.de/51bdk/kurs-zukunft-sozial-gerecht-aus-der-fossilen-abhangigkeit-64079/24464
E-03-363;https://antraege.gruene.de/51bdk/kurs-zukunft-sozial-gerecht-aus-der-fossilen-abhangigkeit-64079/24262
E-03-365;https://antraege.gruene.de/51bdk/kurs-zukunft-sozial-gerecht-aus-der-fossilen-abhangigkeit-64079/24459
E-03-370;https://antraege.gruene.de/51bdk/kurs-zukunft-sozial-gerecht-aus-der-fossilen-abhangigkeit-64079/23958
E-03-376;https://antraege.gruene.de/51bdk/kurs-zukunft-sozial-gerecht-aus-der-fossilen-abhangigkeit-64079/24263
E-03-377;https://antraege.gruene.de/51bdk/kurs-zukunft-sozial-gerecht-aus-der-fossilen-abhangigkeit-64079/23885
E-03-379;https://antraege.gruene.de/51bdk/kurs-zukunft-sozial-gerecht-aus-der-fossilen-abhangigkeit-64079/24265
E-03-381;https://antraege.gruene.de/51bdk/kurs-zukunft-sozial-gerecht-aus-der-fossilen-abhangigkeit-64079/23887
E-03-387;https://antraege.gruene.de/51bdk/kurs-zukunft-sozial-gerecht-aus-der-fossilen-abhangigkeit-64079/23888
E-03-422;https://antraege.gruene.de/51bdk/kurs-zukunft-sozial-gerecht-aus-der-fossilen-abhangigkeit-64079/23959
E-03-441;https://antraege.gruene.de/51bdk/kurs-zukunft-sozial-gerecht-aus-der-fossilen-abhangigkeit-64079/23803
E-03-443;https://antraege.gruene.de/51bdk/kurs-zukunft-sozial-gerecht-aus-der-fossilen-abhangigkeit-64079/24083
E-03-444;https://antraege.gruene.de/51bdk/kurs-zukunft-sozial-gerecht-aus-der-fossilen-abhangigkeit-64079/24122
E-03-446;https://antraege.gruene.de/51bdk/kurs-zukunft-sozial-gerecht-aus-der-fossilen-abhangigkeit-64079/24279
E-03-447;https://antraege.gruene.de/51bdk/kurs-zukunft-sozial-gerecht-aus-der-fossilen-abhangigkeit-64079/23948
E-03-452;https://antraege.gruene.de/51bdk/kurs-zukunft-sozial-gerecht-aus-der-fossilen-abhangigkeit-64079/24301
E-03-460;https://antraege.gruene.de/51bdk/kurs-zukunft-sozial-gerecht-aus-der-fossilen-abhangigkeit-64079/24000
E-03-460-2;https://antraege.gruene.de/51bdk/kurs-zukunft-sozial-gerecht-aus-der-fossilen-abhangigkeit-64079/24408
E-03-461;https://antraege.gruene.de/51bdk/kurs-zukunft-sozial-gerecht-aus-der-fossilen-abhangigkeit-64079/24084
E-03-468;https://antraege.gruene.de/51bdk/kurs-zukunft-sozial-gerecht-aus-der-fossilen-abhangigkeit-64079/23755
E-03-468-2;https://antraege.gruene.de/51bdk/kurs-zukunft-sozial-gerecht-aus-der-fossilen-abhangigkeit-64079/24529
E-03-476;https://antraege.gruene.de/51bdk/kurs-zukunft-sozial-gerecht-aus-der-fossilen-abhangigkeit-64079/23804
E-03-476-2;https://antraege.gruene.de/51bdk/kurs-zukunft-sozial-gerecht-aus-der-fossilen-abhangigkeit-64079/24380
E-03-485;https://antraege.gruene.de/51bdk/kurs-zukunft-sozial-gerecht-aus-der-fossilen-abhangigkeit-64079/24280
E-03-486;https://antraege.gruene.de/51bdk/kurs-zukunft-sozial-gerecht-aus-der-fossilen-abhangigkeit-64079/24532
E-03-489;https://antraege.gruene.de/51bdk/kurs-zukunft-sozial-gerecht-aus-der-fossilen-abhangigkeit-64079/24385
E-03-490;https://antraege.gruene.de/51bdk/kurs-zukunft-sozial-gerecht-aus-der-fossilen-abhangigkeit-64079/24281
E-03-490-2;https://antraege.gruene.de/51bdk/kurs-zukunft-sozial-gerecht-aus-der-fossilen-abhangigkeit-64079/24411
E-03-491;https://antraege.gruene.de/51bdk/kurs-zukunft-sozial-gerecht-aus-der-fossilen-abhangigkeit-64079/24390
E-03-495;https://antraege.gruene.de/51bdk/kurs-zukunft-sozial-gerecht-aus-der-fossilen-abhangigkeit-64079/24254
E-03-498;https://antraege.gruene.de/51bdk/kurs-zukunft-sozial-gerecht-aus-der-fossilen-abhangigkeit-64079/23983
E-03-499;https://antraege.gruene.de/51bdk/kurs-zukunft-sozial-gerecht-aus-der-fossilen-abhangigkeit-64079/24465
E-03-499-2;https://antraege.gruene.de/51bdk/kurs-zukunft-sozial-gerecht-aus-der-fossilen-abhangigkeit-64079/23796
E-03-499-3;https://antraege.gruene.de/51bdk/kurs-zukunft-sozial-gerecht-aus-der-fossilen-abhangigkeit-64079/24155
E-03-499-4;https://antraege.gruene.de/51bdk/kurs-zukunft-sozial-gerecht-aus-der-fossilen-abhangigkeit-64079/24534
E-03-499-5;https://antraege.gruene.de/51bdk/kurs-zukunft-sozial-gerecht-aus-der-fossilen-abhangigkeit-64079/23889
E-03-499-6;https://antraege.gruene.de/51bdk/kurs-zukunft-sozial-gerecht-aus-der-fossilen-abhangigkeit-64079/24446
E-04-003;https://antraege.gruene.de/51bdk/energiewende-2-0-nutzen-statt-abwurgen-29290/24485
E-04-013;https://antraege.gruene.de/51bdk/energiewende-2-0-nutzen-statt-abwurgen-29290/24486
E-04-014;https://antraege.gruene.de/51bdk/energiewende-2-0-nutzen-statt-abwurgen-29290/24488
E-04-019;https://antraege.gruene.de/51bdk/energiewende-2-0-nutzen-statt-abwurgen-29290/23950
E-04-043;https://antraege.gruene.de/51bdk/energiewende-2-0-nutzen-statt-abwurgen-29290/24151
E-04-045;https://antraege.gruene.de/51bdk/energiewende-2-0-nutzen-statt-abwurgen-29290/23990
E-04-046;https://antraege.gruene.de/51bdk/energiewende-2-0-nutzen-statt-abwurgen-29290/24152
E-04-049;https://antraege.gruene.de/51bdk/energiewende-2-0-nutzen-statt-abwurgen-29290/24489
E-04-051;https://antraege.gruene.de/51bdk/energiewende-2-0-nutzen-statt-abwurgen-29290/23797
E-04-054;https://antraege.gruene.de/51bdk/energiewende-2-0-nutzen-statt-abwurgen-29290/23850
E-04-058;https://antraege.gruene.de/51bdk/energiewende-2-0-nutzen-statt-abwurgen-29290/24490
E-04-064;https://antraege.gruene.de/51bdk/energiewende-2-0-nutzen-statt-abwurgen-29290/24153
E-04-064-2;https://antraege.gruene.de/51bdk/energiewende-2-0-nutzen-statt-abwurgen-29290/24498
E-04-067;https://antraege.gruene.de/51bdk/energiewende-2-0-nutzen-statt-abwurgen-29290/23805
E-04-070;https://antraege.gruene.de/51bdk/energiewende-2-0-nutzen-statt-abwurgen-29290/24154
E-04-079;https://antraege.gruene.de/51bdk/energiewende-2-0-nutzen-statt-abwurgen-29290/24156
E-04-082;https://antraege.gruene.de/51bdk/energiewende-2-0-nutzen-statt-abwurgen-29290/23991
E-04-086;https://antraege.gruene.de/51bdk/energiewende-2-0-nutzen-statt-abwurgen-29290/24491
E-04-087;https://antraege.gruene.de/51bdk/energiewende-2-0-nutzen-statt-abwurgen-29290/23744
E-04-087-2;https://antraege.gruene.de/51bdk/energiewende-2-0-nutzen-statt-abwurgen-29290/24157
E-04-091;https://antraege.gruene.de/51bdk/energiewende-2-0-nutzen-statt-abwurgen-29290/24158
E-04-097;https://antraege.gruene.de/51bdk/energiewende-2-0-nutzen-statt-abwurgen-29290/24494
E-04-099;https://antraege.gruene.de/51bdk/energiewende-2-0-nutzen-statt-abwurgen-29290/23745
E-04-099-2;https://antraege.gruene.de/51bdk/energiewende-2-0-nutzen-statt-abwurgen-29290/24159
E-04-099-3;https://antraege.gruene.de/51bdk/energiewende-2-0-nutzen-statt-abwurgen-29290/24509
E-04-102;https://antraege.gruene.de/51bdk/energiewende-2-0-nutzen-statt-abwurgen-29290/24160
E-04-104;https://antraege.gruene.de/51bdk/energiewende-2-0-nutzen-statt-abwurgen-29290/24513
E-04-108;https://antraege.gruene.de/51bdk/energiewende-2-0-nutzen-statt-abwurgen-29290/24204
E-04-113;https://antraege.gruene.de/51bdk/energiewende-2-0-nutzen-statt-abwurgen-29290/24476
E-04-114;https://antraege.gruene.de/51bdk/energiewende-2-0-nutzen-statt-abwurgen-29290/24164
E-04-121;https://antraege.gruene.de/51bdk/energiewende-2-0-nutzen-statt-abwurgen-29290/24518
E-04-128;https://antraege.gruene.de/51bdk/energiewende-2-0-nutzen-statt-abwurgen-29290/24024
E-04-131;https://antraege.gruene.de/51bdk/energiewende-2-0-nutzen-statt-abwurgen-29290/24525
E-04-133;https://antraege.gruene.de/51bdk/energiewende-2-0-nutzen-statt-abwurgen-29290/24025
E-04-135;https://antraege.gruene.de/51bdk/energiewende-2-0-nutzen-statt-abwurgen-29290/23992
E-04-153;https://antraege.gruene.de/51bdk/energiewende-2-0-nutzen-statt-abwurgen-29290/23832
E-04-155;https://antraege.gruene.de/51bdk/energiewende-2-0-nutzen-statt-abwurgen-29290/23993
E-04-158;https://antraege.gruene.de/51bdk/energiewende-2-0-nutzen-statt-abwurgen-29290/24166
E-04-165;https://antraege.gruene.de/51bdk/energiewende-2-0-nutzen-statt-abwurgen-29290/23798
E-04-170;https://antraege.gruene.de/51bdk/energiewende-2-0-nutzen-statt-abwurgen-29290/24001
E-04-173;https://antraege.gruene.de/51bdk/energiewende-2-0-nutzen-statt-abwurgen-29290/24495
E-04-175;https://antraege.gruene.de/51bdk/energiewende-2-0-nutzen-statt-abwurgen-29290/24169
E-04-181;https://antraege.gruene.de/51bdk/energiewende-2-0-nutzen-statt-abwurgen-29290/24170
E-04-183;https://antraege.gruene.de/51bdk/energiewende-2-0-nutzen-statt-abwurgen-29290/23799
E-04-185;https://antraege.gruene.de/51bdk/energiewende-2-0-nutzen-statt-abwurgen-29290/23746
E-04-201;https://antraege.gruene.de/51bdk/energiewende-2-0-nutzen-statt-abwurgen-29290/23747
E-04-206;https://antraege.gruene.de/51bdk/energiewende-2-0-nutzen-statt-abwurgen-29290/24172
E-04-208;https://antraege.gruene.de/51bdk/energiewende-2-0-nutzen-statt-abwurgen-29290/23749
E-04-223;https://antraege.gruene.de/51bdk/energiewende-2-0-nutzen-statt-abwurgen-29290/23894
E-04-242;https://antraege.gruene.de/51bdk/energiewende-2-0-nutzen-statt-abwurgen-29290/24535
E-04-243;https://antraege.gruene.de/51bdk/energiewende-2-0-nutzen-statt-abwurgen-29290/24173
E-04-256;https://antraege.gruene.de/51bdk/energiewende-2-0-nutzen-statt-abwurgen-29290/23750
E-04-256-2;https://antraege.gruene.de/51bdk/energiewende-2-0-nutzen-statt-abwurgen-29290/23811
E-04-256-3;https://antraege.gruene.de/51bdk/energiewende-2-0-nutzen-statt-abwurgen-29290/24497
E-04-256-4;https://antraege.gruene.de/51bdk/energiewende-2-0-nutzen-statt-abwurgen-29290/24121
E-04-257;https://antraege.gruene.de/51bdk/energiewende-2-0-nutzen-statt-abwurgen-29290/24176
E-04-258;https://antraege.gruene.de/51bdk/energiewende-2-0-nutzen-statt-abwurgen-29290/23999
E-04-258-2;https://antraege.gruene.de/51bdk/energiewende-2-0-nutzen-statt-abwurgen-29290/24499
E-04-273;https://antraege.gruene.de/51bdk/energiewende-2-0-nutzen-statt-abwurgen-29290/24179
E-04-277;https://antraege.gruene.de/51bdk/energiewende-2-0-nutzen-statt-abwurgen-29290/24543
E-04-279;https://antraege.gruene.de/51bdk/energiewende-2-0-nutzen-statt-abwurgen-29290/24140
E-04-280;https://antraege.gruene.de/51bdk/energiewende-2-0-nutzen-statt-abwurgen-29290/24181
E-04-284;https://antraege.gruene.de/51bdk/energiewende-2-0-nutzen-statt-abwurgen-29290/23996
E-04-284-2;https://antraege.gruene.de/51bdk/energiewende-2-0-nutzen-statt-abwurgen-29290/23946
E-04-293;https://antraege.gruene.de/51bdk/energiewende-2-0-nutzen-statt-abwurgen-29290/24186
E-04-307;https://antraege.gruene.de/51bdk/energiewende-2-0-nutzen-statt-abwurgen-29290/24545
E-04-310;https://antraege.gruene.de/51bdk/energiewende-2-0-nutzen-statt-abwurgen-29290/23789
E-04-310-2;https://antraege.gruene.de/51bdk/energiewende-2-0-nutzen-statt-abwurgen-29290/24501
E-04-319;https://antraege.gruene.de/51bdk/energiewende-2-0-nutzen-statt-abwurgen-29290/24188
E-04-321;https://antraege.gruene.de/51bdk/energiewende-2-0-nutzen-statt-abwurgen-29290/24503
E-04-322;https://antraege.gruene.de/51bdk/energiewende-2-0-nutzen-statt-abwurgen-29290/24192
E-04-322-2;https://antraege.gruene.de/51bdk/energiewende-2-0-nutzen-statt-abwurgen-29290/24548
E-04-322-3;https://antraege.gruene.de/51bdk/energiewende-2-0-nutzen-statt-abwurgen-29290/24505
E-04-333;https://antraege.gruene.de/51bdk/energiewende-2-0-nutzen-statt-abwurgen-29290/23800
E-04-338;https://antraege.gruene.de/51bdk/energiewende-2-0-nutzen-statt-abwurgen-29290/24249
E-04-339;https://antraege.gruene.de/51bdk/energiewende-2-0-nutzen-statt-abwurgen-29290/24193
E-04-340;https://antraege.gruene.de/51bdk/energiewende-2-0-nutzen-statt-abwurgen-29290/24251
E-04-352;https://antraege.gruene.de/51bdk/energiewende-2-0-nutzen-statt-abwurgen-29290/24507
E-04-353;https://antraege.gruene.de/51bdk/energiewende-2-0-nutzen-statt-abwurgen-29290/24197
E-04-354;https://antraege.gruene.de/51bdk/energiewende-2-0-nutzen-statt-abwurgen-29290/24199
E-04-358;https://antraege.gruene.de/51bdk/energiewende-2-0-nutzen-statt-abwurgen-29290/23851
E-05-032;https://antraege.gruene.de/51bdk/klimaschutz-ist-sicherheitspolitik-33034/24230
E-05-040;https://antraege.gruene.de/51bdk/klimaschutz-ist-sicherheitspolitik-33034/24231
E-05-042;https://antraege.gruene.de/51bdk/klimaschutz-ist-sicherheitspolitik-33034/24520
E-05-042-2;https://antraege.gruene.de/51bdk/klimaschutz-ist-sicherheitspolitik-33034/24538
E-05-042-3;https://antraege.gruene.de/51bdk/klimaschutz-ist-sicherheitspolitik-33034/24232
E-05-047;https://antraege.gruene.de/51bdk/klimaschutz-ist-sicherheitspolitik-33034/23809
E-05-048;https://antraege.gruene.de/51bdk/klimaschutz-ist-sicherheitspolitik-33034/24539
E-06-021;https://antraege.gruene.de/51bdk/energiepolitischer-grundsatz-beschluss-energie-fur-alle-bezahlbar-un-14026/24233
E-08-008;https://antraege.gruene.de/51bdk/sozialgerechte-klimapolitik-gemeinsam-fur-klimaschutz-und-soziale-ger-43582/24447
E-08-014;https://antraege.gruene.de/51bdk/sozialgerechte-klimapolitik-gemeinsam-fur-klimaschutz-und-soziale-ger-43582/24448
E-08-023;https://antraege.gruene.de/51bdk/sozialgerechte-klimapolitik-gemeinsam-fur-klimaschutz-und-soziale-ger-43582/24450
E-08-044;https://antraege.gruene.de/51bdk/sozialgerechte-klimapolitik-gemeinsam-fur-klimaschutz-und-soziale-ger-43582/24451
E-08-070;https://antraege.gruene.de/51bdk/sozialgerechte-klimapolitik-gemeinsam-fur-klimaschutz-und-soziale-ger-43582/24452
E-08-112;https://antraege.gruene.de/51bdk/sozialgerechte-klimapolitik-gemeinsam-fur-klimaschutz-und-soziale-ger-43582/24453
E-08-113;https://antraege.gruene.de/51bdk/sozialgerechte-klimapolitik-gemeinsam-fur-klimaschutz-und-soziale-ger-43582/24455
E-08-127;https://antraege.gruene.de/51bdk/sozialgerechte-klimapolitik-gemeinsam-fur-klimaschutz-und-soziale-ger-43582/24456
A-02-121;https://antraege.gruene.de/51bdk/leitlinien-gruner-nahostpolitik-41414/24353
A-02-137;https://antraege.gruene.de/51bdk/leitlinien-gruner-nahostpolitik-41414/24200
A-02-153;https://antraege.gruene.de/51bdk/leitlinien-gruner-nahostpolitik-41414/24209
A-02-159;https://antraege.gruene.de/51bdk/leitlinien-gruner-nahostpolitik-41414/24201
A-02-171;https://antraege.gruene.de/51bdk/leitlinien-gruner-nahostpolitik-41414/24282
A-02-218;https://antraege.gruene.de/51bdk/leitlinien-gruner-nahostpolitik-41414/24284
A-02-225;https://antraege.gruene.de/51bdk/leitlinien-gruner-nahostpolitik-41414/24285
A-02-239;https://antraege.gruene.de/51bdk/leitlinien-gruner-nahostpolitik-41414/24288
A-02-249;https://antraege.gruene.de/51bdk/leitlinien-gruner-nahostpolitik-41414/24289
A-02-261;https://antraege.gruene.de/51bdk/leitlinien-gruner-nahostpolitik-41414/24291
A-02-342;https://antraege.gruene.de/51bdk/leitlinien-gruner-nahostpolitik-41414/24338
A-02-367;https://antraege.gruene.de/51bdk/leitlinien-gruner-nahostpolitik-41414/24354
A-02-414;https://antraege.gruene.de/51bdk/leitlinien-gruner-nahostpolitik-41414/24330
A-02-430;https://antraege.gruene.de/51bdk/leitlinien-gruner-nahostpolitik-41414/23740
A-02-544;https://antraege.gruene.de/51bdk/leitlinien-gruner-nahostpolitik-41414/24202
A-02-604;https://antraege.gruene.de/51bdk/leitlinien-gruner-nahostpolitik-41414/24355
A-02-611;https://antraege.gruene.de/51bdk/leitlinien-gruner-nahostpolitik-41414/24483
A-04-001;https://antraege.gruene.de/51bdk/frieden-braucht-gleichheit-fur-die-sofortige-anerkennung-des-staates-27999/23892
A-04-001-2;https://antraege.gruene.de/51bdk/frieden-braucht-gleichheit-fur-die-sofortige-anerkennung-des-staates-27999/24223
A-04-011;https://antraege.gruene.de/51bdk/frieden-braucht-gleichheit-fur-die-sofortige-anerkennung-des-staates-27999/24224
A-04-011-2;https://antraege.gruene.de/51bdk/frieden-braucht-gleichheit-fur-die-sofortige-anerkennung-des-staates-27999/24225
A-04-020;https://antraege.gruene.de/51bdk/frieden-braucht-gleichheit-fur-die-sofortige-anerkennung-des-staates-27999/24226
A-06-006;https://antraege.gruene.de/51bdk/israel-palastina-deutschland-31766/24213
A-06-123;https://antraege.gruene.de/51bdk/israel-palastina-deutschland-31766/24215
A-06-173;https://antraege.gruene.de/51bdk/israel-palastina-deutschland-31766/24217
A-09-004;https://antraege.gruene.de/51bdk/fur-frieden-in-freiheit-konsequent-europaisch-handeln-23318/24500
A-09-006;https://antraege.gruene.de/51bdk/fur-frieden-in-freiheit-konsequent-europaisch-handeln-23318/24413
A-09-011;https://antraege.gruene.de/51bdk/fur-frieden-in-freiheit-konsequent-europaisch-handeln-23318/24032
A-09-011-2;https://antraege.gruene.de/51bdk/fur-frieden-in-freiheit-konsequent-europaisch-handeln-23318/24414
A-09-017;https://antraege.gruene.de/51bdk/fur-frieden-in-freiheit-konsequent-europaisch-handeln-23318/24269
A-09-032;https://antraege.gruene.de/51bdk/fur-frieden-in-freiheit-konsequent-europaisch-handeln-23318/23748
A-09-040;https://antraege.gruene.de/51bdk/fur-frieden-in-freiheit-konsequent-europaisch-handeln-23318/24345
A-09-042;https://antraege.gruene.de/51bdk/fur-frieden-in-freiheit-konsequent-europaisch-handeln-23318/24210
A-09-046;https://antraege.gruene.de/51bdk/fur-frieden-in-freiheit-konsequent-europaisch-handeln-23318/23964
A-09-049;https://antraege.gruene.de/51bdk/fur-frieden-in-freiheit-konsequent-europaisch-handeln-23318/24415
A-09-050;https://antraege.gruene.de/51bdk/fur-frieden-in-freiheit-konsequent-europaisch-handeln-23318/24344
A-09-051;https://antraege.gruene.de/51bdk/fur-frieden-in-freiheit-konsequent-europaisch-handeln-23318/24502
A-09-058;https://antraege.gruene.de/51bdk/fur-frieden-in-freiheit-konsequent-europaisch-handeln-23318/24504
A-09-059;https://antraege.gruene.de/51bdk/fur-frieden-in-freiheit-konsequent-europaisch-handeln-23318/23942
A-09-065;https://antraege.gruene.de/51bdk/fur-frieden-in-freiheit-konsequent-europaisch-handeln-23318/24416
A-09-066;https://antraege.gruene.de/51bdk/fur-frieden-in-freiheit-konsequent-europaisch-handeln-23318/24198
A-09-066-2;https://antraege.gruene.de/51bdk/fur-frieden-in-freiheit-konsequent-europaisch-handeln-23318/24506
A-09-082;https://antraege.gruene.de/51bdk/fur-frieden-in-freiheit-konsequent-europaisch-handeln-23318/23781
A-09-086;https://antraege.gruene.de/51bdk/fur-frieden-in-freiheit-konsequent-europaisch-handeln-23318/24417
A-09-089;https://antraege.gruene.de/51bdk/fur-frieden-in-freiheit-konsequent-europaisch-handeln-23318/23786
A-09-092;https://antraege.gruene.de/51bdk/fur-frieden-in-freiheit-konsequent-europaisch-handeln-23318/23599
A-09-092-2;https://antraege.gruene.de/51bdk/fur-frieden-in-freiheit-konsequent-europaisch-handeln-23318/24271
A-09-092-3;https://antraege.gruene.de/51bdk/fur-frieden-in-freiheit-konsequent-europaisch-handeln-23318/24418
A-09-095;https://antraege.gruene.de/51bdk/fur-frieden-in-freiheit-konsequent-europaisch-handeln-23318/24311
A-09-096;https://antraege.gruene.de/51bdk/fur-frieden-in-freiheit-konsequent-europaisch-handeln-23318/24061
A-09-098;https://antraege.gruene.de/51bdk/fur-frieden-in-freiheit-konsequent-europaisch-handeln-23318/24029
A-09-101;https://antraege.gruene.de/51bdk/fur-frieden-in-freiheit-konsequent-europaisch-handeln-23318/23779
A-09-102;https://antraege.gruene.de/51bdk/fur-frieden-in-freiheit-konsequent-europaisch-handeln-23318/24274
A-09-115;https://antraege.gruene.de/51bdk/fur-frieden-in-freiheit-konsequent-europaisch-handeln-23318/24346
A-09-121;https://antraege.gruene.de/51bdk/fur-frieden-in-freiheit-konsequent-europaisch-handeln-23318/23962
A-09-121-2;https://antraege.gruene.de/51bdk/fur-frieden-in-freiheit-konsequent-europaisch-handeln-23318/24419
A-09-127;https://antraege.gruene.de/51bdk/fur-frieden-in-freiheit-konsequent-europaisch-handeln-23318/24196
A-09-128;https://antraege.gruene.de/51bdk/fur-frieden-in-freiheit-konsequent-europaisch-handeln-23318/23924
A-09-134;https://antraege.gruene.de/51bdk/fur-frieden-in-freiheit-konsequent-europaisch-handeln-23318/24348
A-09-137;https://antraege.gruene.de/51bdk/fur-frieden-in-freiheit-konsequent-europaisch-handeln-23318/24062
A-09-138;https://antraege.gruene.de/51bdk/fur-frieden-in-freiheit-konsequent-europaisch-handeln-23318/23787
A-09-139;https://antraege.gruene.de/51bdk/fur-frieden-in-freiheit-konsequent-europaisch-handeln-23318/24425
A-09-141;https://antraege.gruene.de/51bdk/fur-frieden-in-freiheit-konsequent-europaisch-handeln-23318/24027
A-09-144;https://antraege.gruene.de/51bdk/fur-frieden-in-freiheit-konsequent-europaisch-handeln-23318/23858
A-09-145;https://antraege.gruene.de/51bdk/fur-frieden-in-freiheit-konsequent-europaisch-handeln-23318/24426
A-09-146;https://antraege.gruene.de/51bdk/fur-frieden-in-freiheit-konsequent-europaisch-handeln-23318/24082
A-09-147;https://antraege.gruene.de/51bdk/fur-frieden-in-freiheit-konsequent-europaisch-handeln-23318/24275
A-09-147-2;https://antraege.gruene.de/51bdk/fur-frieden-in-freiheit-konsequent-europaisch-handeln-23318/24343
A-09-147-3;https://antraege.gruene.de/51bdk/fur-frieden-in-freiheit-konsequent-europaisch-handeln-23318/23756
A-09-148;https://antraege.gruene.de/51bdk/fur-frieden-in-freiheit-konsequent-europaisch-handeln-23318/24276
A-09-149;https://antraege.gruene.de/51bdk/fur-frieden-in-freiheit-konsequent-europaisch-handeln-23318/24278
A-09-152;https://antraege.gruene.de/51bdk/fur-frieden-in-freiheit-konsequent-europaisch-handeln-23318/23859
A-09-153;https://antraege.gruene.de/51bdk/fur-frieden-in-freiheit-konsequent-europaisch-handeln-23318/24350
A-09-154;https://antraege.gruene.de/51bdk/fur-frieden-in-freiheit-konsequent-europaisch-handeln-23318/24357
A-09-156;https://antraege.gruene.de/51bdk/fur-frieden-in-freiheit-konsequent-europaisch-handeln-23318/24030
A-09-159;https://antraege.gruene.de/51bdk/fur-frieden-in-freiheit-konsequent-europaisch-handeln-23318/24142
A-09-163;https://antraege.gruene.de/51bdk/fur-frieden-in-freiheit-konsequent-europaisch-handeln-23318/23931
A-09-165;https://antraege.gruene.de/51bdk/fur-frieden-in-freiheit-konsequent-europaisch-handeln-23318/23757
A-09-166;https://antraege.gruene.de/51bdk/fur-frieden-in-freiheit-konsequent-europaisch-handeln-23318/24147
A-09-170;https://antraege.gruene.de/51bdk/fur-frieden-in-freiheit-konsequent-europaisch-handeln-23318/23932
A-09-179;https://antraege.gruene.de/51bdk/fur-frieden-in-freiheit-konsequent-europaisch-handeln-23318/23933
A-09-179-2;https://antraege.gruene.de/51bdk/fur-frieden-in-freiheit-konsequent-europaisch-handeln-23318/24119
A-09-189;https://antraege.gruene.de/51bdk/fur-frieden-in-freiheit-konsequent-europaisch-handeln-23318/23934
A-09-191;https://antraege.gruene.de/51bdk/fur-frieden-in-freiheit-konsequent-europaisch-handeln-23318/24508
A-09-191-2;https://antraege.gruene.de/51bdk/fur-frieden-in-freiheit-konsequent-europaisch-handeln-23318/24510
A-09-194;https://antraege.gruene.de/51bdk/fur-frieden-in-freiheit-konsequent-europaisch-handeln-23318/24194
A-09-199;https://antraege.gruene.de/51bdk/fur-frieden-in-freiheit-konsequent-europaisch-handeln-23318/23935
A-09-199-2;https://antraege.gruene.de/51bdk/fur-frieden-in-freiheit-konsequent-europaisch-handeln-23318/24283
A-09-199-3;https://antraege.gruene.de/51bdk/fur-frieden-in-freiheit-konsequent-europaisch-handeln-23318/24427
A-09-203;https://antraege.gruene.de/51bdk/fur-frieden-in-freiheit-konsequent-europaisch-handeln-23318/24286
A-09-204;https://antraege.gruene.de/51bdk/fur-frieden-in-freiheit-konsequent-europaisch-handeln-23318/24145
A-09-208;https://antraege.gruene.de/51bdk/fur-frieden-in-freiheit-konsequent-europaisch-handeln-23318/23966
A-09-208-2;https://antraege.gruene.de/51bdk/fur-frieden-in-freiheit-konsequent-europaisch-handeln-23318/24428
A-09-210;https://antraege.gruene.de/51bdk/fur-frieden-in-freiheit-konsequent-europaisch-handeln-23318/23936
A-09-211;https://antraege.gruene.de/51bdk/fur-frieden-in-freiheit-konsequent-europaisch-handeln-23318/24131
A-09-211-2;https://antraege.gruene.de/51bdk/fur-frieden-in-freiheit-konsequent-europaisch-handeln-23318/23772
A-09-212;https://antraege.gruene.de/51bdk/fur-frieden-in-freiheit-konsequent-europaisch-handeln-23318/24429
A-09-215;https://antraege.gruene.de/51bdk/fur-frieden-in-freiheit-konsequent-europaisch-handeln-23318/23678
A-09-221;https://antraege.gruene.de/51bdk/fur-frieden-in-freiheit-konsequent-europaisch-handeln-23318/24430
A-09-224;https://antraege.gruene.de/51bdk/fur-frieden-in-freiheit-konsequent-europaisch-handeln-23318/23784
A-09-225;https://antraege.gruene.de/51bdk/fur-frieden-in-freiheit-konsequent-europaisch-handeln-23318/23814
A-09-225-2;https://antraege.gruene.de/51bdk/fur-frieden-in-freiheit-konsequent-europaisch-handeln-23318/24290
A-09-225-3;https://antraege.gruene.de/51bdk/fur-frieden-in-freiheit-konsequent-europaisch-handeln-23318/24060
A-09-225-4;https://antraege.gruene.de/51bdk/fur-frieden-in-freiheit-konsequent-europaisch-handeln-23318/24360
A-09-231;https://antraege.gruene.de/51bdk/fur-frieden-in-freiheit-konsequent-europaisch-handeln-23318/23710
A-09-231-2;https://antraege.gruene.de/51bdk/fur-frieden-in-freiheit-konsequent-europaisch-handeln-23318/24248
A-09-231-3;https://antraege.gruene.de/51bdk/fur-frieden-in-freiheit-konsequent-europaisch-handeln-23318/24431
A-09-231-4;https://antraege.gruene.de/51bdk/fur-frieden-in-freiheit-konsequent-europaisch-handeln-23318/24287
A-09-235;https://antraege.gruene.de/51bdk/fur-frieden-in-freiheit-konsequent-europaisch-handeln-23318/24207
A-09-235-2;https://antraege.gruene.de/51bdk/fur-frieden-in-freiheit-konsequent-europaisch-handeln-23318/24112
A-09-236;https://antraege.gruene.de/51bdk/fur-frieden-in-freiheit-konsequent-europaisch-handeln-23318/23709
A-09-237;https://antraege.gruene.de/51bdk/fur-frieden-in-freiheit-konsequent-europaisch-handeln-23318/24292
A-09-239;https://antraege.gruene.de/51bdk/fur-frieden-in-freiheit-konsequent-europaisch-handeln-23318/24273
A-09-252;https://antraege.gruene.de/51bdk/fur-frieden-in-freiheit-konsequent-europaisch-handeln-23318/23679
A-09-252-2;https://antraege.gruene.de/51bdk/fur-frieden-in-freiheit-konsequent-europaisch-handeln-23318/24433
A-09-252-3;https://antraege.gruene.de/51bdk/fur-frieden-in-freiheit-konsequent-europaisch-handeln-23318/24434
A-09-253;https://antraege.gruene.de/51bdk/fur-frieden-in-freiheit-konsequent-europaisch-handeln-23318/24358
A-09-254;https://antraege.gruene.de/51bdk/fur-frieden-in-freiheit-konsequent-europaisch-handeln-23318/23961
A-09-257;https://antraege.gruene.de/51bdk/fur-frieden-in-freiheit-konsequent-europaisch-handeln-23318/24044
A-09-257-2;https://antraege.gruene.de/51bdk/fur-frieden-in-freiheit-konsequent-europaisch-handeln-23318/23972
A-09-258;https://antraege.gruene.de/51bdk/fur-frieden-in-freiheit-konsequent-europaisch-handeln-23318/24019
A-09-264;https://antraege.gruene.de/51bdk/fur-frieden-in-freiheit-konsequent-europaisch-handeln-23318/24045
A-09-265;https://antraege.gruene.de/51bdk/fur-frieden-in-freiheit-konsequent-europaisch-handeln-23318/23680
A-09-265-2;https://antraege.gruene.de/51bdk/fur-frieden-in-freiheit-konsequent-europaisch-handeln-23318/24351
A-09-265-3;https://antraege.gruene.de/51bdk/fur-frieden-in-freiheit-konsequent-europaisch-handeln-23318/24046
A-09-266;https://antraege.gruene.de/51bdk/fur-frieden-in-freiheit-konsequent-europaisch-handeln-23318/23841
A-09-270;https://antraege.gruene.de/51bdk/fur-frieden-in-freiheit-konsequent-europaisch-handeln-23318/23973
A-09-274;https://antraege.gruene.de/51bdk/fur-frieden-in-freiheit-konsequent-europaisch-handeln-23318/24325
A-09-275;https://antraege.gruene.de/51bdk/fur-frieden-in-freiheit-konsequent-europaisch-handeln-23318/23954
A-09-276;https://antraege.gruene.de/51bdk/fur-frieden-in-freiheit-konsequent-europaisch-handeln-23318/23974
A-09-279;https://antraege.gruene.de/51bdk/fur-frieden-in-freiheit-konsequent-europaisch-handeln-23318/24206
A-09-286;https://antraege.gruene.de/51bdk/fur-frieden-in-freiheit-konsequent-europaisch-handeln-23318/24047
A-09-287;https://antraege.gruene.de/51bdk/fur-frieden-in-freiheit-konsequent-europaisch-handeln-23318/24312
A-09-290;https://antraege.gruene.de/51bdk/fur-frieden-in-freiheit-konsequent-europaisch-handeln-23318/24191
A-09-291;https://antraege.gruene.de/51bdk/fur-frieden-in-freiheit-konsequent-europaisch-handeln-23318/24048
A-09-291-2;https://antraege.gruene.de/51bdk/fur-frieden-in-freiheit-konsequent-europaisch-handeln-23318/23975
A-09-291-3;https://antraege.gruene.de/51bdk/fur-frieden-in-freiheit-konsequent-europaisch-handeln-23318/23838
A-09-295;https://antraege.gruene.de/51bdk/fur-frieden-in-freiheit-konsequent-europaisch-handeln-23318/24314
A-09-297;https://antraege.gruene.de/51bdk/fur-frieden-in-freiheit-konsequent-europaisch-handeln-23318/24435
A-09-298;https://antraege.gruene.de/51bdk/fur-frieden-in-freiheit-konsequent-europaisch-handeln-23318/23977
A-09-298-2;https://antraege.gruene.de/51bdk/fur-frieden-in-freiheit-konsequent-europaisch-handeln-23318/24436
A-09-299;https://antraege.gruene.de/51bdk/fur-frieden-in-freiheit-konsequent-europaisch-handeln-23318/24341
A-09-299-2;https://antraege.gruene.de/51bdk/fur-frieden-in-freiheit-konsequent-europaisch-handeln-23318/24342
A-09-300;https://antraege.gruene.de/51bdk/fur-frieden-in-freiheit-konsequent-europaisch-handeln-23318/24189
A-09-302;https://antraege.gruene.de/51bdk/fur-frieden-in-freiheit-konsequent-europaisch-handeln-23318/24008
A-09-303;https://antraege.gruene.de/51bdk/fur-frieden-in-freiheit-konsequent-europaisch-handeln-23318/23978
A-09-305;https://antraege.gruene.de/51bdk/fur-frieden-in-freiheit-konsequent-europaisch-handeln-23318/23955
A-09-306;https://antraege.gruene.de/51bdk/fur-frieden-in-freiheit-konsequent-europaisch-handeln-23318/23834
A-09-308;https://antraege.gruene.de/51bdk/fur-frieden-in-freiheit-konsequent-europaisch-handeln-23318/24365
A-09-309;https://antraege.gruene.de/51bdk/fur-frieden-in-freiheit-konsequent-europaisch-handeln-23318/24049
A-09-311;https://antraege.gruene.de/51bdk/fur-frieden-in-freiheit-konsequent-europaisch-handeln-23318/23979
A-09-315;https://antraege.gruene.de/51bdk/fur-frieden-in-freiheit-konsequent-europaisch-handeln-23318/24050
A-09-315-2;https://antraege.gruene.de/51bdk/fur-frieden-in-freiheit-konsequent-europaisch-handeln-23318/23981
A-09-317;https://antraege.gruene.de/51bdk/fur-frieden-in-freiheit-konsequent-europaisch-handeln-23318/24331
A-09-322;https://antraege.gruene.de/51bdk/fur-frieden-in-freiheit-konsequent-europaisch-handeln-23318/24264
A-09-323;https://antraege.gruene.de/51bdk/fur-frieden-in-freiheit-konsequent-europaisch-handeln-23318/24051
A-09-323-2;https://antraege.gruene.de/51bdk/fur-frieden-in-freiheit-konsequent-europaisch-handeln-23318/24437
A-09-323-3;https://antraege.gruene.de/51bdk/fur-frieden-in-freiheit-konsequent-europaisch-handeln-23318/24335
A-09-323-4;https://antraege.gruene.de/51bdk/fur-frieden-in-freiheit-konsequent-europaisch-handeln-23318/23837
A-09-328;https://antraege.gruene.de/51bdk/fur-frieden-in-freiheit-konsequent-europaisch-handeln-23318/24333
A-09-331;https://antraege.gruene.de/51bdk/fur-frieden-in-freiheit-konsequent-europaisch-handeln-23318/24187
A-09-335;https://antraege.gruene.de/51bdk/fur-frieden-in-freiheit-konsequent-europaisch-handeln-23318/24185
A-09-335-2;https://antraege.gruene.de/51bdk/fur-frieden-in-freiheit-konsequent-europaisch-handeln-23318/24052
A-09-336;https://antraege.gruene.de/51bdk/fur-frieden-in-freiheit-konsequent-europaisch-handeln-23318/24266
A-09-342;https://antraege.gruene.de/51bdk/fur-frieden-in-freiheit-konsequent-europaisch-handeln-23318/24438
A-09-344;https://antraege.gruene.de/51bdk/fur-frieden-in-freiheit-konsequent-europaisch-handeln-23318/23982
A-09-347;https://antraege.gruene.de/51bdk/fur-frieden-in-freiheit-konsequent-europaisch-handeln-23318/24053
A-09-347-2;https://antraege.gruene.de/51bdk/fur-frieden-in-freiheit-konsequent-europaisch-handeln-23318/24267
A-09-347-3;https://antraege.gruene.de/51bdk/fur-frieden-in-freiheit-konsequent-europaisch-handeln-23318/24010
A-09-347-4;https://antraege.gruene.de/51bdk/fur-frieden-in-freiheit-konsequent-europaisch-handeln-23318/23836
A-09-350;https://antraege.gruene.de/51bdk/fur-frieden-in-freiheit-konsequent-europaisch-handeln-23318/24241
A-09-351;https://antraege.gruene.de/51bdk/fur-frieden-in-freiheit-konsequent-europaisch-handeln-23318/23984
A-09-352;https://antraege.gruene.de/51bdk/fur-frieden-in-freiheit-konsequent-europaisch-handeln-23318/24439
A-09-352-2;https://antraege.gruene.de/51bdk/fur-frieden-in-freiheit-konsequent-europaisch-handeln-23318/23994
A-09-355;https://antraege.gruene.de/51bdk/fur-frieden-in-freiheit-konsequent-europaisch-handeln-23318/24441
A-09-358;https://antraege.gruene.de/51bdk/fur-frieden-in-freiheit-konsequent-europaisch-handeln-23318/24268
A-09-363;https://antraege.gruene.de/51bdk/fur-frieden-in-freiheit-konsequent-europaisch-handeln-23318/24013
A-09-364;https://antraege.gruene.de/51bdk/fur-frieden-in-freiheit-konsequent-europaisch-handeln-23318/23956
A-09-364-2;https://antraege.gruene.de/51bdk/fur-frieden-in-freiheit-konsequent-europaisch-handeln-23318/23985
A-09-364-3;https://antraege.gruene.de/51bdk/fur-frieden-in-freiheit-konsequent-europaisch-handeln-23318/24347
A-09-364-4;https://antraege.gruene.de/51bdk/fur-frieden-in-freiheit-konsequent-europaisch-handeln-23318/24184
A-09-364-5;https://antraege.gruene.de/51bdk/fur-frieden-in-freiheit-konsequent-europaisch-handeln-23318/24308
A-09-364-6;https://antraege.gruene.de/51bdk/fur-frieden-in-freiheit-konsequent-europaisch-handeln-23318/23840
A-09-373;https://antraege.gruene.de/51bdk/fur-frieden-in-freiheit-konsequent-europaisch-handeln-23318/24054
A-09-373-2;https://antraege.gruene.de/51bdk/fur-frieden-in-freiheit-konsequent-europaisch-handeln-23318/24014
A-09-377;https://antraege.gruene.de/51bdk/fur-frieden-in-freiheit-konsequent-europaisch-handeln-23318/24442
A-09-377-2;https://antraege.gruene.de/51bdk/fur-frieden-in-freiheit-konsequent-europaisch-handeln-23318/24317
A-09-377-3;https://antraege.gruene.de/51bdk/fur-frieden-in-freiheit-konsequent-europaisch-handeln-23318/24016
A-09-378;https://antraege.gruene.de/51bdk/fur-frieden-in-freiheit-konsequent-europaisch-handeln-23318/24322
A-09-379;https://antraege.gruene.de/51bdk/fur-frieden-in-freiheit-konsequent-europaisch-handeln-23318/24511
A-09-383;https://antraege.gruene.de/51bdk/fur-frieden-in-freiheit-konsequent-europaisch-handeln-23318/24055
A-09-383-2;https://antraege.gruene.de/51bdk/fur-frieden-in-freiheit-konsequent-europaisch-handeln-23318/24182
A-09-384;https://antraege.gruene.de/51bdk/fur-frieden-in-freiheit-konsequent-europaisch-handeln-23318/24336
A-09-385;https://antraege.gruene.de/51bdk/fur-frieden-in-freiheit-konsequent-europaisch-handeln-23318/24352
A-09-396;https://antraege.gruene.de/51bdk/fur-frieden-in-freiheit-konsequent-europaisch-handeln-23318/24011
A-09-397;https://antraege.gruene.de/51bdk/fur-frieden-in-freiheit-konsequent-europaisch-handeln-23318/24320
A-09-397-2;https://antraege.gruene.de/51bdk/fur-frieden-in-freiheit-konsequent-europaisch-handeln-23318/24180
A-09-400;https://antraege.gruene.de/51bdk/fur-frieden-in-freiheit-konsequent-europaisch-handeln-23318/24443
A-09-400-2;https://antraege.gruene.de/51bdk/fur-frieden-in-freiheit-konsequent-europaisch-handeln-23318/24219
A-09-402;https://antraege.gruene.de/51bdk/fur-frieden-in-freiheit-konsequent-europaisch-handeln-23318/24549
A-09-406;https://antraege.gruene.de/51bdk/fur-frieden-in-freiheit-konsequent-europaisch-handeln-23318/24334
A-09-407;https://antraege.gruene.de/51bdk/fur-frieden-in-freiheit-konsequent-europaisch-handeln-23318/23986
A-09-408;https://antraege.gruene.de/51bdk/fur-frieden-in-freiheit-konsequent-europaisch-handeln-23318/24056
A-09-412;https://antraege.gruene.de/51bdk/fur-frieden-in-freiheit-konsequent-europaisch-handeln-23318/24444
A-09-414;https://antraege.gruene.de/51bdk/fur-frieden-in-freiheit-konsequent-europaisch-handeln-23318/23987
A-09-414-2;https://antraege.gruene.de/51bdk/fur-frieden-in-freiheit-konsequent-europaisch-handeln-23318/24216
A-09-414-3;https://antraege.gruene.de/51bdk/fur-frieden-in-freiheit-konsequent-europaisch-handeln-23318/24017
A-09-415;https://antraege.gruene.de/51bdk/fur-frieden-in-freiheit-konsequent-europaisch-handeln-23318/23835
A-09-420;https://antraege.gruene.de/51bdk/fur-frieden-in-freiheit-konsequent-europaisch-handeln-23318/24057
A-09-423;https://antraege.gruene.de/51bdk/fur-frieden-in-freiheit-konsequent-europaisch-handeln-23318/24195
A-09-425;https://antraege.gruene.de/51bdk/fur-frieden-in-freiheit-konsequent-europaisch-handeln-23318/24018
A-09-429;https://antraege.gruene.de/51bdk/fur-frieden-in-freiheit-konsequent-europaisch-handeln-23318/23860
A-09-429-2;https://antraege.gruene.de/51bdk/fur-frieden-in-freiheit-konsequent-europaisch-handeln-23318/24190
A-09-429-3;https://antraege.gruene.de/51bdk/fur-frieden-in-freiheit-konsequent-europaisch-handeln-23318/24270
A-09-429-4;https://antraege.gruene.de/51bdk/fur-frieden-in-freiheit-konsequent-europaisch-handeln-23318/24550
A-09-429-5;https://antraege.gruene.de/51bdk/fur-frieden-in-freiheit-konsequent-europaisch-handeln-23318/24552
A-09-429-6;https://antraege.gruene.de/51bdk/fur-frieden-in-freiheit-konsequent-europaisch-handeln-23318/23839
A-11-001;https://antraege.gruene.de/51bdk/anerkennung-des-staates-palastina-18790/24212
A-11-001-2;https://antraege.gruene.de/51bdk/anerkennung-des-staates-palastina-18790/24227
S-01-001;https://antraege.gruene.de/51bdk/17-bundesvorstand-5-amt-und-mandat-63390/23701
S-04-010;https://antraege.gruene.de/51bdk/14-bundesversammlung-1-delegierte-grundmandat-8943/24481
S-06-004;https://antraege.gruene.de/51bdk/14-bundesversammlung-1-delegierte-grundmandat-8943/23654
S-07-003;https://antraege.gruene.de/51bdk/7-3-pflichten-der-mitglieder-erganzung-mandatstrager-innenbeitrag-55656/24412
S-18-03;https://antraege.gruene.de/51bdk/nach-29-neuen-30-strukturen-gegen-sexuelle-belastigung-23897/23963
S-18-03-2;https://antraege.gruene.de/51bdk/nach-29-neuen-30-strukturen-gegen-sexuelle-belastigung-23897/24036
S-18-05;https://antraege.gruene.de/51bdk/nach-29-neuen-30-strukturen-gegen-sexuelle-belastigung-23897/23655
K-02-001;https://antraege.gruene.de/51bdk/lebenswerte-orte-lebendige-demokratie-kommunen-starken-zukunft-sic-32787/23952
K-02-004;https://antraege.gruene.de/51bdk/lebenswerte-orte-lebendige-demokratie-kommunen-starken-zukunft-sic-32787/23711
K-02-016;https://antraege.gruene.de/51bdk/lebenswerte-orte-lebendige-demokratie-kommunen-starken-zukunft-sic-32787/24293
K-02-024;https://antraege.gruene.de/51bdk/lebenswerte-orte-lebendige-demokratie-kommunen-starken-zukunft-sic-32787/23712
K-02-034;https://antraege.gruene.de/51bdk/lebenswerte-orte-lebendige-demokratie-kommunen-starken-zukunft-sic-32787/24234
K-02-035;https://antraege.gruene.de/51bdk/lebenswerte-orte-lebendige-demokratie-kommunen-starken-zukunft-sic-32787/24015
K-02-035-2;https://antraege.gruene.de/51bdk/lebenswerte-orte-lebendige-demokratie-kommunen-starken-zukunft-sic-32787/24012
K-02-037;https://antraege.gruene.de/51bdk/lebenswerte-orte-lebendige-demokratie-kommunen-starken-zukunft-sic-32787/24294
K-02-041;https://antraege.gruene.de/51bdk/lebenswerte-orte-lebendige-demokratie-kommunen-starken-zukunft-sic-32787/24211
K-02-042;https://antraege.gruene.de/51bdk/lebenswerte-orte-lebendige-demokratie-kommunen-starken-zukunft-sic-32787/23940
K-02-044;https://antraege.gruene.de/51bdk/lebenswerte-orte-lebendige-demokratie-kommunen-starken-zukunft-sic-32787/23713
K-02-048;https://antraege.gruene.de/51bdk/lebenswerte-orte-lebendige-demokratie-kommunen-starken-zukunft-sic-32787/23714
K-02-051;https://antraege.gruene.de/51bdk/lebenswerte-orte-lebendige-demokratie-kommunen-starken-zukunft-sic-32787/23967
K-02-057;https://antraege.gruene.de/51bdk/lebenswerte-orte-lebendige-demokratie-kommunen-starken-zukunft-sic-32787/23917
K-02-060;https://antraege.gruene.de/51bdk/lebenswerte-orte-lebendige-demokratie-kommunen-starken-zukunft-sic-32787/24235
K-02-068;https://antraege.gruene.de/51bdk/lebenswerte-orte-lebendige-demokratie-kommunen-starken-zukunft-sic-32787/23971
K-02-068-2;https://antraege.gruene.de/51bdk/lebenswerte-orte-lebendige-demokratie-kommunen-starken-zukunft-sic-32787/24218
K-02-075;https://antraege.gruene.de/51bdk/lebenswerte-orte-lebendige-demokratie-kommunen-starken-zukunft-sic-32787/24007
K-02-089;https://antraege.gruene.de/51bdk/lebenswerte-orte-lebendige-demokratie-kommunen-starken-zukunft-sic-32787/24102
K-02-093;https://antraege.gruene.de/51bdk/lebenswerte-orte-lebendige-demokratie-kommunen-starken-zukunft-sic-32787/23891
K-02-106;https://antraege.gruene.de/51bdk/lebenswerte-orte-lebendige-demokratie-kommunen-starken-zukunft-sic-32787/24295
K-02-108;https://antraege.gruene.de/51bdk/lebenswerte-orte-lebendige-demokratie-kommunen-starken-zukunft-sic-32787/24297
K-02-109;https://antraege.gruene.de/51bdk/lebenswerte-orte-lebendige-demokratie-kommunen-starken-zukunft-sic-32787/24298
K-02-114;https://antraege.gruene.de/51bdk/lebenswerte-orte-lebendige-demokratie-kommunen-starken-zukunft-sic-32787/24299
K-02-115;https://antraege.gruene.de/51bdk/lebenswerte-orte-lebendige-demokratie-kommunen-starken-zukunft-sic-32787/23716
K-02-116;https://antraege.gruene.de/51bdk/lebenswerte-orte-lebendige-demokratie-kommunen-starken-zukunft-sic-32787/24300
K-02-117;https://antraege.gruene.de/51bdk/lebenswerte-orte-lebendige-demokratie-kommunen-starken-zukunft-sic-32787/23733
K-02-117-2;https://antraege.gruene.de/51bdk/lebenswerte-orte-lebendige-demokratie-kommunen-starken-zukunft-sic-32787/24009
K-02-117-3;https://antraege.gruene.de/51bdk/lebenswerte-orte-lebendige-demokratie-kommunen-starken-zukunft-sic-32787/24220
K-02-117-4;https://antraege.gruene.de/51bdk/lebenswerte-orte-lebendige-demokratie-kommunen-starken-zukunft-sic-32787/24482
K-02-128;https://antraege.gruene.de/51bdk/lebenswerte-orte-lebendige-demokratie-kommunen-starken-zukunft-sic-32787/24454
K-02-128-2;https://antraege.gruene.de/51bdk/lebenswerte-orte-lebendige-demokratie-kommunen-starken-zukunft-sic-32787/24384
K-02-143;https://antraege.gruene.de/51bdk/lebenswerte-orte-lebendige-demokratie-kommunen-starken-zukunft-sic-32787/24006
K-02-143-2;https://antraege.gruene.de/51bdk/lebenswerte-orte-lebendige-demokratie-kommunen-starken-zukunft-sic-32787/23824
K-02-149;https://antraege.gruene.de/51bdk/lebenswerte-orte-lebendige-demokratie-kommunen-starken-zukunft-sic-32787/23778
K-02-176;https://antraege.gruene.de/51bdk/lebenswerte-orte-lebendige-demokratie-kommunen-starken-zukunft-sic-32787/23969
K-02-176-2;https://antraege.gruene.de/51bdk/lebenswerte-orte-lebendige-demokratie-kommunen-starken-zukunft-sic-32787/24167
K-02-177;https://antraege.gruene.de/51bdk/lebenswerte-orte-lebendige-demokratie-kommunen-starken-zukunft-sic-32787/24022
K-02-179;https://antraege.gruene.de/51bdk/lebenswerte-orte-lebendige-demokratie-kommunen-starken-zukunft-sic-32787/23927
K-02-179-2;https://antraege.gruene.de/51bdk/lebenswerte-orte-lebendige-demokratie-kommunen-starken-zukunft-sic-32787/24221
K-02-196;https://antraege.gruene.de/51bdk/lebenswerte-orte-lebendige-demokratie-kommunen-starken-zukunft-sic-32787/23717
K-02-196-2;https://antraege.gruene.de/51bdk/lebenswerte-orte-lebendige-demokratie-kommunen-starken-zukunft-sic-32787/23968
K-02-196-3;https://antraege.gruene.de/51bdk/lebenswerte-orte-lebendige-demokratie-kommunen-starken-zukunft-sic-32787/24222
V-03-028;https://antraege.gruene.de/51bdk/positionspapier-mit-erfahrung-gestalten-27116/23546
V-03-040;https://antraege.gruene.de/51bdk/positionspapier-mit-erfahrung-gestalten-27116/23553
V-03-042;https://antraege.gruene.de/51bdk/positionspapier-mit-erfahrung-gestalten-27116/23554
V-05-018;https://antraege.gruene.de/51bdk/equal-cash-61551/23650
V-17-072;https://antraege.gruene.de/51bdk/strukturwandel-gerecht-gestalten-demokratie-starken-21987/23566
V-23-015;https://antraege.gruene.de/51bdk/nachbesserung-des-hebammenhilfevertrag-2025-geburtshilfe-sichern-he-12924/23651
V-23-020;https://antraege.gruene.de/51bdk/nachbesserung-des-hebammenhilfevertrag-2025-geburtshilfe-sichern-he-12924/23652
V-54-088;https://antraege.gruene.de/51bdk/leistung-anerkennen-gerechtigkeit-schaffen-bessere-bedingungen-fur-a-16274/23653
V-61-000;https://antraege.gruene.de/51bdk/wenn-alle-mit-anpacken-fur-ein-gesellschaftsjahr-48028/24296
V-61-039;https://antraege.gruene.de/51bdk/wenn-alle-mit-anpacken-fur-ein-gesellschaftsjahr-48028/24302
V-61-083;https://antraege.gruene.de/51bdk/wenn-alle-mit-anpacken-fur-ein-gesellschaftsjahr-48028/24303
V-61-088;https://antraege.gruene.de/51bdk/wenn-alle-mit-anpacken-fur-ein-gesellschaftsjahr-48028/24304
V-61-092;https://antraege.gruene.de/51bdk/wenn-alle-mit-anpacken-fur-ein-gesellschaftsjahr-48028/24305
V-61-111;https://antraege.gruene.de/51bdk/wenn-alle-mit-anpacken-fur-ein-gesellschaftsjahr-48028/24306
V-61-137;https://antraege.gruene.de/51bdk/wenn-alle-mit-anpacken-fur-ein-gesellschaftsjahr-48028/24307
